table_catalog,table_schema,table_name,column_name,ordinal_position,column_default,full_data_type,data_type
npc_nih_lakehouse_uat,gold,cgb_dim_status_in_employment,STATUS_IN_EMPLOYMENT_ID,0,null,bigint,LONG
npc_nih_lakehouse_uat,gold,cgb_dim_status_in_employment,STATUS_IN_EMPLOYMENT_EN,1,null,string,STRING
npc_nih_lakehouse_uat,gold,cgb_dim_status_in_employment,STATUS_IN_EMPLOYMENT_AR,2,null,string,STRING
npc_nih_lakehouse_uat,gold,cgb_fact_cgb_employee,GLD_CGB_EMPLOYEE_ID,0,null,bigint,LONG
npc_nih_lakehouse_uat,gold,cgb_fact_cgb_employee,SLVR_CGB_EMPLOYEE_ID,1,null,bigint,LONG
npc_nih_lakehouse_uat,gold,cgb_fact_cgb_employee,BRNZ_CGB_EMPLOYEE_ID,2,null,bigint,LONG
npc_nih_lakehouse_uat,gold,cgb_fact_cgb_employee,QID,3,null,string,STRING
npc_nih_lakehouse_uat,gold,cgb_fact_cgb_employee,BIRTH_DATE_ID,4,null,bigint,LONG
npc_nih_lakehouse_uat,gold,cgb_fact_cgb_employee,GENDER_ID,5,null,string,STRING
npc_nih_lakehouse_uat,gold,cgb_fact_cgb_employee,MARITAL_STATUS_ID,6,null,string,STRING
npc_nih_lakehouse_uat,gold,cgb_fact_cgb_employee,MAIN_OCCUPATION,7,null,string,STRING
npc_nih_lakehouse_uat,gold,cgb_fact_cgb_employee,JOB_START_DATE_ID,8,null,bigint,LONG
npc_nih_lakehouse_uat,gold,cgb_fact_cgb_employee,JOB_END_DATE_ID,9,null,bigint,LONG
npc_nih_lakehouse_uat,gold,cgb_fact_cgb_employee,COUNTRY_ID,10,null,string,STRING
npc_nih_lakehouse_uat,gold,cgb_fact_cgb_employee,EDUCATION_LEVEL_ID,11,null,string,STRING
npc_nih_lakehouse_uat,gold,cgb_fact_cgb_employee,STATUS_IN_EMPLOYMENT_ID,12,null,string,STRING
npc_nih_lakehouse_uat,gold,cgb_fact_cgb_employee,MAWARED_FLAG,13,null,boolean,BOOLEAN
npc_nih_lakehouse_uat,gold,cgb_fact_cgb_employee,PIPELINE_RUN_ID,14,null,string,STRING
npc_nih_lakehouse_uat,gold,cgb_fact_cgb_employee,PIPELINE_TRIGGER_ID,15,null,string,STRING
npc_nih_lakehouse_uat,gold,cgb_fact_cgb_employee,PIPELINE_TRIGGER_TIME,16,null,timestamp,TIMESTAMP
npc_nih_lakehouse_uat,gold,cgb_fact_cgb_employee,PIPELINE_TRIGGERED_BY_PIPELINE_RUN_ID,17,null,string,STRING
npc_nih_lakehouse_uat,gold,cgb_fact_cgb_employee,PIPELINE_NAME,18,null,string,STRING
npc_nih_lakehouse_uat,gold,cgb_fact_cgb_employee,ADF_PERIOD,19,null,string,STRING
npc_nih_lakehouse_uat,gold,dim_country,COUNTRY_ID,0,null,bigint,LONG
npc_nih_lakehouse_uat,gold,dim_country,COUNTRY_ISO_CODE,1,null,string,STRING
npc_nih_lakehouse_uat,gold,dim_country,COUNTRY_NAME_EN,2,null,string,STRING
npc_nih_lakehouse_uat,gold,dim_country,NATIONALITY_EN,3,null,string,STRING
npc_nih_lakehouse_uat,gold,dim_country,CURRENCY_CODE,4,null,string,STRING
npc_nih_lakehouse_uat,gold,dim_country,CURRENCY_EN,5,null,string,STRING
npc_nih_lakehouse_uat,gold,dim_country,REGION_EN,6,null,string,STRING
npc_nih_lakehouse_uat,gold,dim_country,GCC,7,null,boolean,BOOLEAN
npc_nih_lakehouse_uat,gold,dim_country,FLAG_URL,8,null,string,STRING
npc_nih_lakehouse_uat,gold,dim_country,COUNTRY_NAME_AR,9,null,string,STRING
npc_nih_lakehouse_uat,gold,dim_country,NATIONALITY_AR,10,null,string,STRING
npc_nih_lakehouse_uat,gold,dim_country,REGION_AR,11,null,string,STRING
npc_nih_lakehouse_uat,gold,dim_date,DATE_ID,0,null,bigint,LONG
npc_nih_lakehouse_uat,gold,dim_date,DATE,1,null,date,DATE
npc_nih_lakehouse_uat,gold,dim_date,INTEGER_DATE,2,null,int,INT
npc_nih_lakehouse_uat,gold,dim_date,MONTH_NUMBER,3,null,int,INT
npc_nih_lakehouse_uat,gold,dim_date,MONTH_NAME,4,null,string,STRING
npc_nih_lakehouse_uat,gold,dim_date,MONTH_NAME_AR,5,null,string,STRING
npc_nih_lakehouse_uat,gold,dim_date,QUARTER_NAME,6,null,string,STRING
npc_nih_lakehouse_uat,gold,dim_date,QUARTER_NAME_AR,7,null,string,STRING
npc_nih_lakehouse_uat,gold,dim_date,QUARTER_NUMBER,8,null,int,INT
npc_nih_lakehouse_uat,gold,dim_date,QUARTER_YEAR,9,null,string,STRING
npc_nih_lakehouse_uat,gold,dim_date,WEEK_MONTH,10,null,int,INT
npc_nih_lakehouse_uat,gold,dim_date,WEEK_IN_YEAR,11,null,int,INT
npc_nih_lakehouse_uat,gold,dim_date,YEAR_MONTH,12,null,string,STRING
npc_nih_lakehouse_uat,gold,dim_date,START_DATE_OF_MONTH,13,null,date,DATE
npc_nih_lakehouse_uat,gold,dim_date,END_DATE_OF_MONTH,14,null,date,DATE
npc_nih_lakehouse_uat,gold,dim_date,YEAR,15,null,int,INT
npc_nih_lakehouse_uat,gold,dim_education_level,GLD_LABOR_FORCE_EDUCATION_LEVEL_ID,0,null,bigint,LONG
npc_nih_lakehouse_uat,gold,dim_education_level,SLVR_LABOR_FORCE_EDUCATION_LEVEL_ID,1,null,bigint,LONG
npc_nih_lakehouse_uat,gold,dim_education_level,BRNZ_LABOR_FORCE_EDUCATION_LEVEL_ID,2,null,bigint,LONG
npc_nih_lakehouse_uat,gold,dim_education_level,EDUCATION_LEVEL_ID,3,null,string,STRING
npc_nih_lakehouse_uat,gold,dim_education_level,EDUCATION_LEVEL_0_EN,4,null,string,STRING
npc_nih_lakehouse_uat,gold,dim_education_level,EDUCATION_LEVEL_0_AR,5,null,string,STRING
npc_nih_lakehouse_uat,gold,dim_education_level,EDUCATION_LEVEL_1_EN,6,null,string,STRING
npc_nih_lakehouse_uat,gold,dim_education_level,EDUCATION_LEVEL_1_AR,7,null,string,STRING
npc_nih_lakehouse_uat,gold,dim_education_level,SKILL_LEVEL_EN,8,null,string,STRING
npc_nih_lakehouse_uat,gold,dim_education_level,SKILL_LEVEL_AR,9,null,string,STRING
npc_nih_lakehouse_uat,gold,dim_education_level,PIPELINE_RUN_ID,10,null,string,STRING
npc_nih_lakehouse_uat,gold,dim_education_level,PIPELINE_TRIGGER_ID,11,null,string,STRING
npc_nih_lakehouse_uat,gold,dim_education_level,PIPELINE_TRIGGER_TIME,12,null,timestamp,TIMESTAMP
npc_nih_lakehouse_uat,gold,dim_education_level,PIPELINE_TRIGGERED_BY_PIPELINE_RUN_ID,13,null,string,STRING
npc_nih_lakehouse_uat,gold,dim_education_level,PIPELINE_NAME,14,null,string,STRING
npc_nih_lakehouse_uat,gold,dim_education_level,ADF_PERIOD,15,null,string,STRING
npc_nih_lakehouse_uat,gold,dim_entities,ENTITY_ID,0,null,bigint,LONG
npc_nih_lakehouse_uat,gold,dim_entities,ENTITY_EN,1,null,string,STRING
npc_nih_lakehouse_uat,gold,dim_establishment_sector,GLD_LABOR_FORCE_ESTABLISHMENT_SECTOR_ID,0,null,bigint,LONG
npc_nih_lakehouse_uat,gold,dim_establishment_sector,SLVR_LABOR_FORCE_ESTABLISHMENT_SECTOR_ID,1,null,bigint,LONG
npc_nih_lakehouse_uat,gold,dim_establishment_sector,BRNZ_LABOR_FORCE_ESTABLISHMENT_SECTOR_ID,2,null,bigint,LONG
npc_nih_lakehouse_uat,gold,dim_establishment_sector,ESTABLISHMENT_SECTOR_ID,3,null,string,STRING
npc_nih_lakehouse_uat,gold,dim_establishment_sector,ESTABLISHMENT_SECTOR_EN,4,null,string,STRING
npc_nih_lakehouse_uat,gold,dim_establishment_sector,ESTABLISHMENT_SECTOR_AR,5,null,string,STRING
npc_nih_lakehouse_uat,gold,dim_establishment_sector,PIPELINE_RUN_ID,6,null,string,STRING
npc_nih_lakehouse_uat,gold,dim_establishment_sector,PIPELINE_TRIGGER_ID,7,null,string,STRING
npc_nih_lakehouse_uat,gold,dim_establishment_sector,PIPELINE_TRIGGER_TIME,8,null,timestamp,TIMESTAMP
npc_nih_lakehouse_uat,gold,dim_establishment_sector,PIPELINE_TRIGGERED_BY_PIPELINE_RUN_ID,9,null,string,STRING
npc_nih_lakehouse_uat,gold,dim_establishment_sector,PIPELINE_NAME,10,null,string,STRING
npc_nih_lakehouse_uat,gold,dim_establishment_sector,ADF_PERIOD,11,null,string,STRING
npc_nih_lakehouse_uat,gold,dim_gender,GLD_LABOR_FORCE_GENDER_ID,0,null,bigint,LONG
npc_nih_lakehouse_uat,gold,dim_gender,SLVR_LABOR_FORCE_GENDER_ID,1,null,bigint,LONG
npc_nih_lakehouse_uat,gold,dim_gender,BRNZ_LABOR_FORCE_GENDER_ID,2,null,bigint,LONG
npc_nih_lakehouse_uat,gold,dim_gender,GENDER_ID,3,null,string,STRING
npc_nih_lakehouse_uat,gold,dim_gender,GENDER_EN,4,null,string,STRING
npc_nih_lakehouse_uat,gold,dim_gender,GENDER_AR,5,null,string,STRING
npc_nih_lakehouse_uat,gold,dim_gender,PIPELINE_RUN_ID,6,null,string,STRING
npc_nih_lakehouse_uat,gold,dim_gender,PIPELINE_TRIGGER_ID,7,null,string,STRING
npc_nih_lakehouse_uat,gold,dim_gender,PIPELINE_TRIGGER_TIME,8,null,timestamp,TIMESTAMP
npc_nih_lakehouse_uat,gold,dim_gender,PIPELINE_TRIGGERED_BY_PIPELINE_RUN_ID,9,null,string,STRING
npc_nih_lakehouse_uat,gold,dim_gender,PIPELINE_NAME,10,null,string,STRING
npc_nih_lakehouse_uat,gold,dim_gender,ADF_PERIOD,11,null,string,STRING
npc_nih_lakehouse_uat,gold,dim_indicators,INDICATOR_ID,0,null,double,DOUBLE
npc_nih_lakehouse_uat,gold,dim_indicators,INDICATOR_NAME,1,null,string,STRING
npc_nih_lakehouse_uat,gold,dim_indicators,INDICATOR_SECTOR,2,null,string,STRING
npc_nih_lakehouse_uat,gold,dim_indicators,INDICATOR_DEFINITION,3,null,string,STRING
npc_nih_lakehouse_uat,gold,dim_indicators,CALCULATION_METHODOLOGY,4,null,string,STRING
npc_nih_lakehouse_uat,gold,dim_indicators,SOURCE_TYPE,5,null,string,STRING
npc_nih_lakehouse_uat,gold,dim_indicators,FREQUENCY_OF_MEASUREMENT,6,null,string,STRING
npc_nih_lakehouse_uat,gold,dim_indicators,INDICATOR_SOURCE_ENTITY,7,null,string,STRING
npc_nih_lakehouse_uat,gold,dim_indicators,EARLIEST_DATE_WHERE_QATAR_IS_AVAILABLE,8,null,bigint,LONG
npc_nih_lakehouse_uat,gold,dim_indicators,OVERLAP_WITH_NDS3,9,null,string,STRING
npc_nih_lakehouse_uat,gold,dim_indicators,LINK_TO_SOURCE,10,null,string,STRING
npc_nih_lakehouse_uat,gold,dim_indicators,PILLAR_MAPPING,11,null,string,STRING
npc_nih_lakehouse_uat,gold,dim_indicators,OUTCOME_MAPPING,12,null,string,STRING
npc_nih_lakehouse_uat,gold,dim_indicators,NATIONAL_DEVELOPMENT_STRATEGY_SECTOR,13,null,string,STRING
npc_nih_lakehouse_uat,gold,dim_indicators,NATIONAL_DEVELOPMENT_STRATEGY_CLUSTER,14,null,string,STRING
npc_nih_lakehouse_uat,gold,dim_indicators,BASELINE_VALUE,15,null,string,STRING
npc_nih_lakehouse_uat,gold,dim_indicators,TARGET_VALUE,16,null,string,STRING
npc_nih_lakehouse_uat,gold,dim_indicators,INDICATOR_MEASUREMENT_UNIT,17,null,string,STRING
npc_nih_lakehouse_uat,gold,dim_indicators,TARGET_VALUE_CLEANSED,18,null,string,STRING
npc_nih_lakehouse_uat,gold,dim_indicators,TARGET_VALUE_NUMERIC,19,null,double,DOUBLE
npc_nih_lakehouse_uat,gold,dim_indicators,LATEST_VALUE_MEASUREMENT_UNIT,20,null,string,STRING
npc_nih_lakehouse_uat,gold,dim_indicators,LATEST_VALUE,21,null,string,STRING
npc_nih_lakehouse_uat,gold,dim_indicators,TREND,22,null,string,STRING
npc_nih_lakehouse_uat,gold,dim_indicators,LAST_UPDATED,23,null,timestamp,TIMESTAMP
npc_nih_lakehouse_uat,gold,dim_indicators,QDTI_SCORE,24,null,string,STRING
npc_nih_lakehouse_uat,gold,dim_indicators,INFOBOX_TOOLTIP,25,null,string,STRING
npc_nih_lakehouse_uat,gold,dim_indicators,SECOND_LATEST_DATE,26,null,string,STRING
npc_nih_lakehouse_uat,gold,dim_indicators,SECOND_LATEST_VALUE,27,null,string,STRING
npc_nih_lakehouse_uat,gold,dim_indicators,NUMBER_OF_COUNTRIES,28,null,bigint,LONG
npc_nih_lakehouse_uat,gold,dim_indicators,TREND_DIRECTION,29,null,string,STRING
npc_nih_lakehouse_uat,gold,dim_indicators,LATEST_DATE_WHERE_QATAR_IS_AVAILABLE,30,null,string,STRING
npc_nih_lakehouse_uat,gold,dim_indicators,INDICATOR_NAME_AR,31,null,string,STRING
npc_nih_lakehouse_uat,gold,dim_indicators,INDICATOR_DEFINITION_AR,32,null,string,STRING
npc_nih_lakehouse_uat,gold,dim_indicators,INDICATOR_SECTOR_AR,33,null,string,STRING
npc_nih_lakehouse_uat,gold,dim_indicators,SOURCE_TYPE_AR,34,null,string,STRING
npc_nih_lakehouse_uat,gold,dim_indicators,FREQUENCY_OF_MEASUREMENT_AR,35,null,string,STRING
npc_nih_lakehouse_uat,gold,dim_indicators,INDICATOR_SOURCE_ENTITY_AR,36,null,string,STRING
npc_nih_lakehouse_uat,gold,dim_indicators,PILLAR_MAPPING_AR,37,null,string,STRING
npc_nih_lakehouse_uat,gold,dim_indicators,OUTCOME_MAPPING_AR,38,null,string,STRING
npc_nih_lakehouse_uat,gold,dim_indicators,NATIONAL_DEVELOPMENT_STRATEGY_SECTOR_AR,39,null,string,STRING
npc_nih_lakehouse_uat,gold,dim_indicators,NATIONAL_DEVELOPMENT_STRATEGY_CLUSTER_AR,40,null,string,STRING
npc_nih_lakehouse_uat,gold,dim_indicators,TARGET_VALUE_AR,41,null,string,STRING
npc_nih_lakehouse_uat,gold,dim_indicators,INDICATOR_MEASUREMENT_UNIT_AR,42,null,string,STRING
npc_nih_lakehouse_uat,gold,dim_indicators,LATEST_VALUE_MEASUREMENT_UNIT_AR,43,null,string,STRING
npc_nih_lakehouse_uat,gold,dim_indicators,QDTI_DESCRIPTION_EN,44,null,string,STRING
npc_nih_lakehouse_uat,gold,dim_indicators,QDTI_DESCRIPTION_AR,45,null,string,STRING
npc_nih_lakehouse_uat,gold,dim_indicators,IS_QPULSE,46,null,boolean,BOOLEAN
npc_nih_lakehouse_uat,gold,dim_indicators,TARGET_YEAR,47,null,bigint,LONG
npc_nih_lakehouse_uat,gold,dim_marital_status,MARITAL_STATUS_ID,0,null,bigint,LONG
npc_nih_lakehouse_uat,gold,dim_marital_status,MARITAL_STATUS_EN,1,null,string,STRING
npc_nih_lakehouse_uat,gold,dim_marital_status,MARITAL_STATUS_AR,2,null,string,STRING
npc_nih_lakehouse_uat,gold,gac_fact_time_to_import_and_export,GLD_IMP_EXP_TIME_ID,0,null,bigint,LONG
npc_nih_lakehouse_uat,gold,gac_fact_time_to_import_and_export,SLVR_IMP_EXP_TIME_ID,1,null,bigint,LONG
npc_nih_lakehouse_uat,gold,gac_fact_time_to_import_and_export,BRNZ_IMP_EXP_TIME_ID,2,null,bigint,LONG
npc_nih_lakehouse_uat,gold,gac_fact_time_to_import_and_export,DATE_ID,3,null,bigint,LONG
npc_nih_lakehouse_uat,gold,gac_fact_time_to_import_and_export,TIME_HOURS,4,null,double,DOUBLE
npc_nih_lakehouse_uat,gold,gac_fact_time_to_import_and_export,CATEGORY_EN,5,null,string,STRING
npc_nih_lakehouse_uat,gold,gac_fact_time_to_import_and_export,CATEGORY_AR,6,null,string,STRING
npc_nih_lakehouse_uat,gold,gac_fact_time_to_import_and_export,PIPELINE_RUN_ID,7,null,string,STRING
npc_nih_lakehouse_uat,gold,gac_fact_time_to_import_and_export,PIPELINE_TRIGGER_ID,8,null,string,STRING
npc_nih_lakehouse_uat,gold,gac_fact_time_to_import_and_export,PIPELINE_TRIGGER_TIME,9,null,timestamp,TIMESTAMP
npc_nih_lakehouse_uat,gold,gac_fact_time_to_import_and_export,PIPELINE_TRIGGERED_BY_PIPELINE_RUN_ID,10,null,string,STRING
npc_nih_lakehouse_uat,gold,gac_fact_time_to_import_and_export,PIPELINE_NAME,11,null,string,STRING
npc_nih_lakehouse_uat,gold,gac_fact_time_to_import_and_export,ADF_PERIOD,12,null,string,STRING
npc_nih_lakehouse_uat,gold,grsia_fact_grsia_data,GLD_GRSIA_DATA_ID,0,null,bigint,LONG
npc_nih_lakehouse_uat,gold,grsia_fact_grsia_data,SLVR_GRSIA_DATA_ID,1,null,bigint,LONG
npc_nih_lakehouse_uat,gold,grsia_fact_grsia_data,BRNZ_GRSIA_DATA_ID,2,null,bigint,LONG
npc_nih_lakehouse_uat,gold,grsia_fact_grsia_data,QID,3,null,string,STRING
npc_nih_lakehouse_uat,gold,grsia_fact_grsia_data,HIRE_DATE_ID,4,null,bigint,LONG
npc_nih_lakehouse_uat,gold,grsia_fact_grsia_data,HIRE_END_DATE_ID,5,null,bigint,LONG
npc_nih_lakehouse_uat,gold,grsia_fact_grsia_data,ESTABLISHMENT_SECTOR_ID,6,null,string,STRING
npc_nih_lakehouse_uat,gold,grsia_fact_grsia_data,COUNTRY_ID,7,null,string,STRING
npc_nih_lakehouse_uat,gold,grsia_fact_grsia_data,ESTABLISHMENT_NAME_AR,8,null,string,STRING
npc_nih_lakehouse_uat,gold,grsia_fact_grsia_data,ACTIVITY_AR,9,null,string,STRING
npc_nih_lakehouse_uat,gold,grsia_fact_grsia_data,EMPLOYER_AR,10,null,string,STRING
npc_nih_lakehouse_uat,gold,grsia_fact_grsia_data,BIRTH_DATE_ID,11,null,bigint,LONG
npc_nih_lakehouse_uat,gold,grsia_fact_grsia_data,GENDER_ID,12,null,string,STRING
npc_nih_lakehouse_uat,gold,grsia_fact_grsia_data,JOB_START_DATE_ID,13,null,bigint,LONG
npc_nih_lakehouse_uat,gold,grsia_fact_grsia_data,PIPELINE_RUN_ID,14,null,string,STRING
npc_nih_lakehouse_uat,gold,grsia_fact_grsia_data,PIPELINE_TRIGGER_ID,15,null,string,STRING
npc_nih_lakehouse_uat,gold,grsia_fact_grsia_data,PIPELINE_TRIGGER_TIME,16,null,timestamp,TIMESTAMP
npc_nih_lakehouse_uat,gold,grsia_fact_grsia_data,PIPELINE_TRIGGERED_BY_PIPELINE_RUN_ID,17,null,string,STRING
npc_nih_lakehouse_uat,gold,grsia_fact_grsia_data,PIPELINE_NAME,18,null,string,STRING
npc_nih_lakehouse_uat,gold,grsia_fact_grsia_data,ADF_PERIOD,19,null,string,STRING
npc_nih_lakehouse_uat,gold,hmc_dim_visit_type,VISIT_TYPE_ID,0,null,int,INT
npc_nih_lakehouse_uat,gold,hmc_dim_visit_type,VISIT_TYPE_EN,1,null,string,STRING
npc_nih_lakehouse_uat,gold,hmc_dim_visit_type,VISIT_TYPE_AR,2,null,string,STRING
npc_nih_lakehouse_uat,gold,hmc_fact_hmc_revenue,GLD_HMC_REVENUE_ID,0,null,bigint,LONG
npc_nih_lakehouse_uat,gold,hmc_fact_hmc_revenue,SLVR_HMC_REVENUE_ID,1,null,bigint,LONG
npc_nih_lakehouse_uat,gold,hmc_fact_hmc_revenue,BRNZ_HMC_REVENUE_ID,2,null,bigint,LONG
npc_nih_lakehouse_uat,gold,hmc_fact_hmc_revenue,DATE_ID,3,null,bigint,LONG
npc_nih_lakehouse_uat,gold,hmc_fact_hmc_revenue,VISIT_TYPE_ID,4,null,string,STRING
npc_nih_lakehouse_uat,gold,hmc_fact_hmc_revenue,VISITORS_SUBCATEGORY_EN,5,null,string,STRING
npc_nih_lakehouse_uat,gold,hmc_fact_hmc_revenue,VISITORS_SUBCATEGORY_AR,6,null,string,STRING
npc_nih_lakehouse_uat,gold,hmc_fact_hmc_revenue,TOTAL_REVENUE_QAR,7,null,double,DOUBLE
npc_nih_lakehouse_uat,gold,hmc_fact_hmc_revenue,PIPELINE_RUN_ID,8,null,string,STRING
npc_nih_lakehouse_uat,gold,hmc_fact_hmc_revenue,PIPELINE_TRIGGER_ID,9,null,string,STRING
npc_nih_lakehouse_uat,gold,hmc_fact_hmc_revenue,PIPELINE_TRIGGER_TIME,10,null,timestamp,TIMESTAMP
npc_nih_lakehouse_uat,gold,hmc_fact_hmc_revenue,PIPELINE_TRIGGERED_BY_PIPELINE_RUN_ID,11,null,string,STRING
npc_nih_lakehouse_uat,gold,hmc_fact_hmc_revenue,PIPELINE_NAME,12,null,string,STRING
npc_nih_lakehouse_uat,gold,hmc_fact_hmc_revenue,ADF_PERIOD,13,null,string,STRING
npc_nih_lakehouse_uat,gold,hmc_fact_hmc_visitors,GLD_HMC_VISITORS_ID,0,null,bigint,LONG
npc_nih_lakehouse_uat,gold,hmc_fact_hmc_visitors,SLVR_HMC_VISITORS_ID,1,null,bigint,LONG
npc_nih_lakehouse_uat,gold,hmc_fact_hmc_visitors,BRNZ_HMC_VISITORS_ID,2,null,bigint,LONG
npc_nih_lakehouse_uat,gold,hmc_fact_hmc_visitors,DATE_ID,3,null,bigint,LONG
npc_nih_lakehouse_uat,gold,hmc_fact_hmc_visitors,VISIT_TYPE_ID,4,null,string,STRING
npc_nih_lakehouse_uat,gold,hmc_fact_hmc_visitors,VISITORS_SUBCATEGORY_EN,5,null,string,STRING
npc_nih_lakehouse_uat,gold,hmc_fact_hmc_visitors,VISITORS_SUBCATEGORY_AR,6,null,string,STRING
npc_nih_lakehouse_uat,gold,hmc_fact_hmc_visitors,TOTAL_VISITORS,7,null,bigint,LONG
npc_nih_lakehouse_uat,gold,hmc_fact_hmc_visitors,UNIQUE_VISITORS,8,null,bigint,LONG
npc_nih_lakehouse_uat,gold,hmc_fact_hmc_visitors,PIPELINE_RUN_ID,9,null,string,STRING
npc_nih_lakehouse_uat,gold,hmc_fact_hmc_visitors,PIPELINE_TRIGGER_ID,10,null,string,STRING
npc_nih_lakehouse_uat,gold,hmc_fact_hmc_visitors,PIPELINE_TRIGGER_TIME,11,null,timestamp,TIMESTAMP
npc_nih_lakehouse_uat,gold,hmc_fact_hmc_visitors,PIPELINE_TRIGGERED_BY_PIPELINE_RUN_ID,12,null,string,STRING
npc_nih_lakehouse_uat,gold,hmc_fact_hmc_visitors,PIPELINE_NAME,13,null,string,STRING
npc_nih_lakehouse_uat,gold,hmc_fact_hmc_visitors,ADF_PERIOD,14,null,string,STRING
npc_nih_lakehouse_uat,gold,indicator_historical_info,INDICATOR_ID,0,null,double,DOUBLE
npc_nih_lakehouse_uat,gold,indicator_historical_info,KPI_VALUE,1,null,string,STRING
npc_nih_lakehouse_uat,gold,indicator_historical_info,KPI_TIME_PERIOD,2,null,string,STRING
npc_nih_lakehouse_uat,gold,indicator_historical_info,MODIFIED_TIME,3,null,timestamp,TIMESTAMP
npc_nih_lakehouse_uat,gold,intl_fact_air_transport_freight,GLD_AIR_TRANSPORT_FREIGHT_ID,0,null,bigint,LONG
npc_nih_lakehouse_uat,gold,intl_fact_air_transport_freight,SLVR_AIR_TRANSPORT_FREIGHT_ID,1,null,bigint,LONG
npc_nih_lakehouse_uat,gold,intl_fact_air_transport_freight,BRNZ_AIR_TRANSPORT_FREIGHT_ID,2,null,bigint,LONG
npc_nih_lakehouse_uat,gold,intl_fact_air_transport_freight,COUNTRY_ID,3,null,int,INT
npc_nih_lakehouse_uat,gold,intl_fact_air_transport_freight,DATE_ID,4,null,int,INT
npc_nih_lakehouse_uat,gold,intl_fact_air_transport_freight,INDICATOR_ID,5,null,int,INT
npc_nih_lakehouse_uat,gold,intl_fact_air_transport_freight,YEAR,6,null,int,INT
npc_nih_lakehouse_uat,gold,intl_fact_air_transport_freight,VALUE,7,null,double,DOUBLE
npc_nih_lakehouse_uat,gold,intl_fact_air_transport_freight,PIPELINE_RUN_ID,8,null,string,STRING
npc_nih_lakehouse_uat,gold,intl_fact_air_transport_freight,PIPELINE_TRIGGER_ID,9,null,string,STRING
npc_nih_lakehouse_uat,gold,intl_fact_air_transport_freight,PIPELINE_TRIGGER_TIME,10,null,timestamp,TIMESTAMP
npc_nih_lakehouse_uat,gold,intl_fact_air_transport_freight,PIPELINE_TRIGGERED_BY_PIPELINE_RUN_ID,11,null,string,STRING
npc_nih_lakehouse_uat,gold,intl_fact_air_transport_freight,PIPELINE_NAME,12,null,string,STRING
npc_nih_lakehouse_uat,gold,intl_fact_air_transport_freight,ADF_PERIOD,13,null,string,STRING
npc_nih_lakehouse_uat,gold,intl_fact_air_transport_freight,PREVIOUS_VALUE,14,null,double,DOUBLE
npc_nih_lakehouse_uat,gold,intl_fact_air_transport_freight,VALUE_DIFFERENCE,15,null,double,DOUBLE
npc_nih_lakehouse_uat,gold,intl_fact_air_transport_freight,TREND_DIRECTION,16,null,string,STRING
npc_nih_lakehouse_uat,gold,intl_fact_credit_rating,GLD_CREDIT_RATING_ID,0,null,bigint,LONG
npc_nih_lakehouse_uat,gold,intl_fact_credit_rating,SLVR_CREDIT_RATING_ID,1,null,int,INT
npc_nih_lakehouse_uat,gold,intl_fact_credit_rating,BRNZ_FITCH_ID,2,null,bigint,LONG
npc_nih_lakehouse_uat,gold,intl_fact_credit_rating,BRNZ_MOODY_ID,3,null,bigint,LONG
npc_nih_lakehouse_uat,gold,intl_fact_credit_rating,BRNZ_SP_ID,4,null,bigint,LONG
npc_nih_lakehouse_uat,gold,intl_fact_credit_rating,COUNTRY_ID,5,null,int,INT
npc_nih_lakehouse_uat,gold,intl_fact_credit_rating,INDICATOR_ID,6,null,double,DOUBLE
npc_nih_lakehouse_uat,gold,intl_fact_credit_rating,DATE_ID,7,null,int,INT
npc_nih_lakehouse_uat,gold,intl_fact_credit_rating,YEAR,8,null,int,INT
npc_nih_lakehouse_uat,gold,intl_fact_credit_rating,FITCH_LT_RATING,9,null,string,STRING
npc_nih_lakehouse_uat,gold,intl_fact_credit_rating,FITCH_LEVEL,10,null,int,INT
npc_nih_lakehouse_uat,gold,intl_fact_credit_rating,MOODY_FITCH_LONG_TERM,11,null,string,STRING
npc_nih_lakehouse_uat,gold,intl_fact_credit_rating,MOODY_FITCH_LT_RATING,12,null,int,INT
npc_nih_lakehouse_uat,gold,intl_fact_credit_rating,MOODY_LT_RATING_LEVEL,13,null,int,INT
npc_nih_lakehouse_uat,gold,intl_fact_credit_rating,MOODY_LT_ISSUER_RATING_FOREIGN,14,null,string,STRING
npc_nih_lakehouse_uat,gold,intl_fact_credit_rating,SP_FITCH_LONG_TERM,15,null,string,STRING
npc_nih_lakehouse_uat,gold,intl_fact_credit_rating,SP_FITCH_LT_RATING,16,null,int,INT
npc_nih_lakehouse_uat,gold,intl_fact_credit_rating,SP_LT_FOREIGN_CURRENCY,17,null,string,STRING
npc_nih_lakehouse_uat,gold,intl_fact_credit_rating,SP_LT_RATING_LEVEL,18,null,int,INT
npc_nih_lakehouse_uat,gold,intl_fact_credit_rating,PIPELINE_RUN_ID,19,null,string,STRING
npc_nih_lakehouse_uat,gold,intl_fact_credit_rating,PIPELINE_TRIGGER_ID,20,null,string,STRING
npc_nih_lakehouse_uat,gold,intl_fact_credit_rating,PIPELINE_TRIGGER_TIME,21,null,timestamp,TIMESTAMP
npc_nih_lakehouse_uat,gold,intl_fact_credit_rating,PIPELINE_TRIGGERED_BY_PIPELINE_RUN_ID,22,null,string,STRING
npc_nih_lakehouse_uat,gold,intl_fact_credit_rating,PIPELINE_NAME,23,null,string,STRING
npc_nih_lakehouse_uat,gold,intl_fact_credit_rating,ADF_PERIOD,24,null,string,STRING
npc_nih_lakehouse_uat,gold,intl_fact_cybersecurity_index_ranking,GLD_CYBERSECURITY_ID,0,null,bigint,LONG
npc_nih_lakehouse_uat,gold,intl_fact_cybersecurity_index_ranking,SLVR_CYBERSECURITY_ID,1,null,bigint,LONG
npc_nih_lakehouse_uat,gold,intl_fact_cybersecurity_index_ranking,BRNZ_CYBERSECURITY_ID,2,null,bigint,LONG
npc_nih_lakehouse_uat,gold,intl_fact_cybersecurity_index_ranking,COUNTRY_ID,3,null,bigint,LONG
npc_nih_lakehouse_uat,gold,intl_fact_cybersecurity_index_ranking,INDICATOR_ID,4,null,bigint,LONG
npc_nih_lakehouse_uat,gold,intl_fact_cybersecurity_index_ranking,DATE_ID,5,null,bigint,LONG
npc_nih_lakehouse_uat,gold,intl_fact_cybersecurity_index_ranking,YEAR,6,null,bigint,LONG
npc_nih_lakehouse_uat,gold,intl_fact_cybersecurity_index_ranking,LEGAL_MEASURES,7,null,double,DOUBLE
npc_nih_lakehouse_uat,gold,intl_fact_cybersecurity_index_ranking,TECHNICAL_MEASURE,8,null,double,DOUBLE
npc_nih_lakehouse_uat,gold,intl_fact_cybersecurity_index_ranking,ORGANIZATION_MEASURE,9,null,double,DOUBLE
npc_nih_lakehouse_uat,gold,intl_fact_cybersecurity_index_ranking,CAPACITY_MEASURE,10,null,double,DOUBLE
npc_nih_lakehouse_uat,gold,intl_fact_cybersecurity_index_ranking,COOPERATION_MEASURE,11,null,double,DOUBLE
npc_nih_lakehouse_uat,gold,intl_fact_cybersecurity_index_ranking,TIER_PERFORMANCE,12,null,string,STRING
npc_nih_lakehouse_uat,gold,intl_fact_cybersecurity_index_ranking,PIPELINE_RUN_ID,13,null,string,STRING
npc_nih_lakehouse_uat,gold,intl_fact_cybersecurity_index_ranking,PIPELINE_TRIGGER_ID,14,null,string,STRING
npc_nih_lakehouse_uat,gold,intl_fact_cybersecurity_index_ranking,PIPELINE_TRIGGER_TIME,15,null,timestamp,TIMESTAMP
npc_nih_lakehouse_uat,gold,intl_fact_cybersecurity_index_ranking,PIPELINE_TRIGGERED_BY_PIPELINE_RUN_ID,16,null,string,STRING
npc_nih_lakehouse_uat,gold,intl_fact_cybersecurity_index_ranking,PIPELINE_NAME,17,null,string,STRING
npc_nih_lakehouse_uat,gold,intl_fact_cybersecurity_index_ranking,ADF_PERIOD,18,null,string,STRING
npc_nih_lakehouse_uat,gold,intl_fact_cybersecurity_index_ranking,TIER_RANK,19,null,int,INT
npc_nih_lakehouse_uat,gold,intl_fact_ease_of_doing_business,GLD_EASE_OF_DOING_BUSINESS_ID,0,null,bigint,LONG
npc_nih_lakehouse_uat,gold,intl_fact_ease_of_doing_business,SLVR_EASE_OF_DOING_BUSINESS_ID,1,null,bigint,LONG
npc_nih_lakehouse_uat,gold,intl_fact_ease_of_doing_business,BRNZ_DOING_BUSINESS_RANKS_ID,2,null,bigint,LONG
npc_nih_lakehouse_uat,gold,intl_fact_ease_of_doing_business,BRNZ_DOING_BUSINESS_SCORES_ID,3,null,bigint,LONG
npc_nih_lakehouse_uat,gold,intl_fact_ease_of_doing_business,COUNTRY_ID,4,null,bigint,LONG
npc_nih_lakehouse_uat,gold,intl_fact_ease_of_doing_business,INDICATOR_ID,5,null,bigint,LONG
npc_nih_lakehouse_uat,gold,intl_fact_ease_of_doing_business,DATE_ID,6,null,bigint,LONG
npc_nih_lakehouse_uat,gold,intl_fact_ease_of_doing_business,YEAR,7,null,bigint,LONG
npc_nih_lakehouse_uat,gold,intl_fact_ease_of_doing_business,EASE_OF_DOING_BUSINESS_SCORE,8,null,double,DOUBLE
npc_nih_lakehouse_uat,gold,intl_fact_ease_of_doing_business,GLOBAL_RANK,9,null,bigint,LONG
npc_nih_lakehouse_uat,gold,intl_fact_ease_of_doing_business,PIPELINE_RUN_ID,10,null,string,STRING
npc_nih_lakehouse_uat,gold,intl_fact_ease_of_doing_business,PIPELINE_TRIGGER_ID,11,null,string,STRING
npc_nih_lakehouse_uat,gold,intl_fact_ease_of_doing_business,PIPELINE_TRIGGER_TIME,12,null,timestamp,TIMESTAMP
npc_nih_lakehouse_uat,gold,intl_fact_ease_of_doing_business,PIPELINE_TRIGGERED_BY_PIPELINE_RUN_ID,13,null,string,STRING
npc_nih_lakehouse_uat,gold,intl_fact_ease_of_doing_business,PIPELINE_NAME,14,null,string,STRING
npc_nih_lakehouse_uat,gold,intl_fact_ease_of_doing_business,ADF_PERIOD,15,null,string,STRING
npc_nih_lakehouse_uat,gold,intl_fact_ease_of_doing_business,PREVIOUS_RANK,16,null,int,INT
npc_nih_lakehouse_uat,gold,intl_fact_ease_of_doing_business,RANK_DIFFERENCE,17,null,int,INT
npc_nih_lakehouse_uat,gold,intl_fact_ease_of_doing_business,TREND_DIRECTION,18,null,string,STRING
npc_nih_lakehouse_uat,gold,intl_fact_ease_of_doing_business,GCC_RANK,19,null,int,INT
npc_nih_lakehouse_uat,gold,intl_fact_economic_complexity_index,GLD_ECI_ID,0,null,bigint,LONG
npc_nih_lakehouse_uat,gold,intl_fact_economic_complexity_index,SLVR_ECI_ID,1,null,int,INT
npc_nih_lakehouse_uat,gold,intl_fact_economic_complexity_index,BRNZ_ECI_ID,2,null,int,INT
npc_nih_lakehouse_uat,gold,intl_fact_economic_complexity_index,BRNZ_TECH_ID,3,null,int,INT
npc_nih_lakehouse_uat,gold,intl_fact_economic_complexity_index,BRNZ_RES_ID,4,null,int,INT
npc_nih_lakehouse_uat,gold,intl_fact_economic_complexity_index,BRNZ_TRADE_ID,5,null,int,INT
npc_nih_lakehouse_uat,gold,intl_fact_economic_complexity_index,COUNTRY_ID,6,null,int,INT
npc_nih_lakehouse_uat,gold,intl_fact_economic_complexity_index,INDICATOR_ID,7,null,double,DOUBLE
npc_nih_lakehouse_uat,gold,intl_fact_economic_complexity_index,DATE_ID,8,null,int,INT
npc_nih_lakehouse_uat,gold,intl_fact_economic_complexity_index,YEAR,9,null,string,STRING
npc_nih_lakehouse_uat,gold,intl_fact_economic_complexity_index,ECI,10,null,double,DOUBLE
npc_nih_lakehouse_uat,gold,intl_fact_economic_complexity_index,ECI_RANK,11,null,int,INT
npc_nih_lakehouse_uat,gold,intl_fact_economic_complexity_index,RESEARCH_VALUE,12,null,double,DOUBLE
npc_nih_lakehouse_uat,gold,intl_fact_economic_complexity_index,TECHNOLOGY_VALUE,13,null,double,DOUBLE
npc_nih_lakehouse_uat,gold,intl_fact_economic_complexity_index,TRADE_VALUE,14,null,double,DOUBLE
npc_nih_lakehouse_uat,gold,intl_fact_economic_complexity_index,PIPELINE_RUN_ID,15,null,string,STRING
npc_nih_lakehouse_uat,gold,intl_fact_economic_complexity_index,PIPELINE_TRIGGER_ID,16,null,string,STRING
npc_nih_lakehouse_uat,gold,intl_fact_economic_complexity_index,PIPELINE_TRIGGER_TIME,17,null,timestamp,TIMESTAMP
npc_nih_lakehouse_uat,gold,intl_fact_economic_complexity_index,PIPELINE_TRIGGERED_BY_PIPELINE_RUN_ID,18,null,string,STRING
npc_nih_lakehouse_uat,gold,intl_fact_economic_complexity_index,PIPELINE_NAME,19,null,string,STRING
npc_nih_lakehouse_uat,gold,intl_fact_economic_complexity_index,ADF_PERIOD,20,null,string,STRING
npc_nih_lakehouse_uat,gold,intl_fact_economic_complexity_index,PREVIOUS_RANK,21,null,int,INT
npc_nih_lakehouse_uat,gold,intl_fact_economic_complexity_index,RANK_DIFFERENCE,22,null,int,INT
npc_nih_lakehouse_uat,gold,intl_fact_economic_complexity_index,TREND_DIRECTION,23,null,string,STRING
npc_nih_lakehouse_uat,gold,intl_fact_economic_complexity_index,GCC_RANK,24,null,int,INT
npc_nih_lakehouse_uat,gold,intl_fact_global_competitiveness_index,GLD_GLOBAL_COMPETITIVENESS_ID,0,null,bigint,LONG
npc_nih_lakehouse_uat,gold,intl_fact_global_competitiveness_index,SLV_GLOBAL_COMPETITIVENESS_ID,1,null,bigint,LONG
npc_nih_lakehouse_uat,gold,intl_fact_global_competitiveness_index,BRNZ_GLOBAL_COMPETITIVENESS_ID,2,null,bigint,LONG
npc_nih_lakehouse_uat,gold,intl_fact_global_competitiveness_index,COUNTRY_ID,3,null,bigint,LONG
npc_nih_lakehouse_uat,gold,intl_fact_global_competitiveness_index,DATE_ID,4,null,bigint,LONG
npc_nih_lakehouse_uat,gold,intl_fact_global_competitiveness_index,INDICATOR_ID,5,null,double,DOUBLE
npc_nih_lakehouse_uat,gold,intl_fact_global_competitiveness_index,YEAR,6,null,string,STRING
npc_nih_lakehouse_uat,gold,intl_fact_global_competitiveness_index,ECONOMY_ISO3,7,null,string,STRING
npc_nih_lakehouse_uat,gold,intl_fact_global_competitiveness_index,GCI_4_0_GLOBAL_COMPETITIVENESS_INDEX_4_0_SCORE,8,null,double,DOUBLE
npc_nih_lakehouse_uat,gold,intl_fact_global_competitiveness_index,GCI_4_0_GLOBAL_COMPETITIVENESS_INDEX_4_0_RANK,9,null,double,DOUBLE
npc_nih_lakehouse_uat,gold,intl_fact_global_competitiveness_index,GCI_4_0_1ST_PILLAR_INSTITUTIONS_SCORE,10,null,double,DOUBLE
npc_nih_lakehouse_uat,gold,intl_fact_global_competitiveness_index,GCI_4_0_1ST_PILLAR_INSTITUTIONS_RANK,11,null,double,DOUBLE
npc_nih_lakehouse_uat,gold,intl_fact_global_competitiveness_index,GCI_4_0_2ND_PILLAR_INFRASTRUCTURE_SCORE,12,null,double,DOUBLE
npc_nih_lakehouse_uat,gold,intl_fact_global_competitiveness_index,GCI_4_0_2ND_PILLAR_INFRASTRUCTURE_RANK,13,null,double,DOUBLE
npc_nih_lakehouse_uat,gold,intl_fact_global_competitiveness_index,GCI_4_0_3RD_PILLAR_ICT_ADOPTION_SCORE,14,null,double,DOUBLE
npc_nih_lakehouse_uat,gold,intl_fact_global_competitiveness_index,GCI_4_0_3RD_PILLAR_ICT_ADOPTION_RANK,15,null,double,DOUBLE
npc_nih_lakehouse_uat,gold,intl_fact_global_competitiveness_index,GCI_4_0_4TH_PILLAR_MACROECONOMIC_STABILITY_SCORE,16,null,double,DOUBLE
npc_nih_lakehouse_uat,gold,intl_fact_global_competitiveness_index,GCI_4_0_4TH_PILLAR_MACROECONOMIC_STABILITY_RANK,17,null,double,DOUBLE
npc_nih_lakehouse_uat,gold,intl_fact_global_competitiveness_index,GCI_4_0_5TH_PILLAR_HEALTH_SCORE,18,null,double,DOUBLE
npc_nih_lakehouse_uat,gold,intl_fact_global_competitiveness_index,GCI_4_0_5TH_PILLAR_HEALTH_RANK,19,null,double,DOUBLE
npc_nih_lakehouse_uat,gold,intl_fact_global_competitiveness_index,GCI_4_0_6TH_PILLAR_SKILLS_SCORE,20,null,double,DOUBLE
npc_nih_lakehouse_uat,gold,intl_fact_global_competitiveness_index,GCI_4_0_6TH_PILLAR_SKILLS_RANK,21,null,double,DOUBLE
npc_nih_lakehouse_uat,gold,intl_fact_global_competitiveness_index,GCI_4_0_7TH_PILLAR_PRODUCT_MARKET_SCORE,22,null,double,DOUBLE
npc_nih_lakehouse_uat,gold,intl_fact_global_competitiveness_index,GCI_4_0_7TH_PILLAR_PRODUCT_MARKET_RANK,23,null,double,DOUBLE
npc_nih_lakehouse_uat,gold,intl_fact_global_competitiveness_index,GCI_4_0_8TH_PILLAR_LABOR_MARKET_SCORE,24,null,double,DOUBLE
npc_nih_lakehouse_uat,gold,intl_fact_global_competitiveness_index,GCI_4_0_8TH_PILLAR_LABOR_MARKET_RANK,25,null,double,DOUBLE
npc_nih_lakehouse_uat,gold,intl_fact_global_competitiveness_index,GCI_4_0_9TH_PILLAR_FINANCIAL_SYSTEM_SCORE,26,null,double,DOUBLE
npc_nih_lakehouse_uat,gold,intl_fact_global_competitiveness_index,GCI_4_0_9TH_PILLAR_FINANCIAL_SYSTEM_RANK,27,null,double,DOUBLE
npc_nih_lakehouse_uat,gold,intl_fact_global_competitiveness_index,GCI_4_0_10TH_PILLAR_MARKET_SIZE_SCORE,28,null,double,DOUBLE
npc_nih_lakehouse_uat,gold,intl_fact_global_competitiveness_index,GCI_4_0_10TH_PILLAR_MARKET_SIZE_RANK,29,null,double,DOUBLE
npc_nih_lakehouse_uat,gold,intl_fact_global_competitiveness_index,GCI_4_0_11TH_PILLAR_BUSINESS_DYNAMISM_SCORE,30,null,double,DOUBLE
npc_nih_lakehouse_uat,gold,intl_fact_global_competitiveness_index,GCI_4_0_11TH_PILLAR_BUSINESS_DYNAMISM_RANK,31,null,double,DOUBLE
npc_nih_lakehouse_uat,gold,intl_fact_global_competitiveness_index,GCI_4_0_12TH_PILLAR_INNOVATION_CAPABILITY_SCORE,32,null,double,DOUBLE
npc_nih_lakehouse_uat,gold,intl_fact_global_competitiveness_index,GCI_4_0_12TH_PILLAR_INNOVATION_CAPABILITY_RANK,33,null,double,DOUBLE
npc_nih_lakehouse_uat,gold,intl_fact_global_competitiveness_index,PIPELINE_RUN_ID,34,null,string,STRING
npc_nih_lakehouse_uat,gold,intl_fact_global_competitiveness_index,PIPELINE_TRIGGER_ID,35,null,string,STRING
npc_nih_lakehouse_uat,gold,intl_fact_global_competitiveness_index,PIPELINE_TRIGGER_TIME,36,null,timestamp,TIMESTAMP
npc_nih_lakehouse_uat,gold,intl_fact_global_competitiveness_index,PIPELINE_TRIGGERED_BY_PIPELINE_RUN_ID,37,null,string,STRING
npc_nih_lakehouse_uat,gold,intl_fact_global_competitiveness_index,PIPELINE_NAME,38,null,string,STRING
npc_nih_lakehouse_uat,gold,intl_fact_global_competitiveness_index,ADF_PERIOD,39,null,string,STRING
npc_nih_lakehouse_uat,gold,intl_fact_global_competitiveness_index,PREVIOUS_RANK,40,null,int,INT
npc_nih_lakehouse_uat,gold,intl_fact_global_competitiveness_index,RANK_DIFFERENCE,41,null,int,INT
npc_nih_lakehouse_uat,gold,intl_fact_global_competitiveness_index,TREND_DIRECTION,42,null,string,STRING
npc_nih_lakehouse_uat,gold,intl_fact_global_competitiveness_index,GCC_RANK,43,null,int,INT
npc_nih_lakehouse_uat,gold,intl_fact_global_food_security_index,GLD_GFSI_ID,0,null,bigint,LONG
npc_nih_lakehouse_uat,gold,intl_fact_global_food_security_index,SLVR_GFSI_ID,1,null,int,INT
npc_nih_lakehouse_uat,gold,intl_fact_global_food_security_index,BRNZ_GFSI_ID,2,null,int,INT
npc_nih_lakehouse_uat,gold,intl_fact_global_food_security_index,INDICATOR_ID,3,null,double,DOUBLE
npc_nih_lakehouse_uat,gold,intl_fact_global_food_security_index,COUNTRY_ID,4,null,int,INT
npc_nih_lakehouse_uat,gold,intl_fact_global_food_security_index,DATE_ID,5,null,int,INT
npc_nih_lakehouse_uat,gold,intl_fact_global_food_security_index,YEAR,6,null,int,INT
npc_nih_lakehouse_uat,gold,intl_fact_global_food_security_index,AFFORDABILITY,7,null,double,DOUBLE
npc_nih_lakehouse_uat,gold,intl_fact_global_food_security_index,AVAILABILITY,8,null,double,DOUBLE
npc_nih_lakehouse_uat,gold,intl_fact_global_food_security_index,QUALITY_SAFETY,9,null,double,DOUBLE
npc_nih_lakehouse_uat,gold,intl_fact_global_food_security_index,SUSTAINABILITY,10,null,double,DOUBLE
npc_nih_lakehouse_uat,gold,intl_fact_global_food_security_index,FOOD_SECURITY,11,null,double,DOUBLE
npc_nih_lakehouse_uat,gold,intl_fact_global_food_security_index,FOOD_SECURITY_ENVIRONMENT_RANK,12,null,int,INT
npc_nih_lakehouse_uat,gold,intl_fact_global_food_security_index,PIPELINE_RUN_ID,13,null,string,STRING
npc_nih_lakehouse_uat,gold,intl_fact_global_food_security_index,PIPELINE_TRIGGER_ID,14,null,string,STRING
npc_nih_lakehouse_uat,gold,intl_fact_global_food_security_index,PIPELINE_TRIGGER_TIME,15,null,timestamp,TIMESTAMP
npc_nih_lakehouse_uat,gold,intl_fact_global_food_security_index,PIPELINE_TRIGGERED_BY_PIPELINE_RUN_ID,16,null,string,STRING
npc_nih_lakehouse_uat,gold,intl_fact_global_food_security_index,PIPELINE_NAME,17,null,string,STRING
npc_nih_lakehouse_uat,gold,intl_fact_global_food_security_index,ADF_PERIOD,18,null,string,STRING
npc_nih_lakehouse_uat,gold,intl_fact_global_food_security_index,PREVIOUS_RANK,19,null,int,INT
npc_nih_lakehouse_uat,gold,intl_fact_global_food_security_index,RANK_DIFFERENCE,20,null,int,INT
npc_nih_lakehouse_uat,gold,intl_fact_global_food_security_index,TREND_DIRECTION,21,null,string,STRING
npc_nih_lakehouse_uat,gold,intl_fact_global_food_security_index,GCC_RANK,22,null,int,INT
npc_nih_lakehouse_uat,gold,intl_fact_iata_index,GLD_IATA_ID,0,null,bigint,LONG
npc_nih_lakehouse_uat,gold,intl_fact_iata_index,SLVR_IATA_ID,1,null,bigint,LONG
npc_nih_lakehouse_uat,gold,intl_fact_iata_index,BRNZ_IATA_ID,2,null,bigint,LONG
npc_nih_lakehouse_uat,gold,intl_fact_iata_index,COUNTRY_ID,3,null,bigint,LONG
npc_nih_lakehouse_uat,gold,intl_fact_iata_index,INDICATOR_ID,4,null,bigint,LONG
npc_nih_lakehouse_uat,gold,intl_fact_iata_index,DATE_ID,5,null,bigint,LONG
npc_nih_lakehouse_uat,gold,intl_fact_iata_index,YEAR,6,null,bigint,LONG
npc_nih_lakehouse_uat,gold,intl_fact_iata_index,INTERNATIONAL_CONNECTIVITY_SCORE,7,null,bigint,LONG
npc_nih_lakehouse_uat,gold,intl_fact_iata_index,GLOBAL_RANKING,8,null,bigint,LONG
npc_nih_lakehouse_uat,gold,intl_fact_iata_index,PIPELINE_RUN_ID,9,null,string,STRING
npc_nih_lakehouse_uat,gold,intl_fact_iata_index,PIPELINE_TRIGGER_ID,10,null,string,STRING
npc_nih_lakehouse_uat,gold,intl_fact_iata_index,PIPELINE_TRIGGER_TIME,11,null,timestamp,TIMESTAMP
npc_nih_lakehouse_uat,gold,intl_fact_iata_index,PIPELINE_TRIGGERED_BY_PIPELINE_RUN_ID,12,null,string,STRING
npc_nih_lakehouse_uat,gold,intl_fact_iata_index,PIPELINE_NAME,13,null,string,STRING
npc_nih_lakehouse_uat,gold,intl_fact_iata_index,ADF_PERIOD,14,null,string,STRING
npc_nih_lakehouse_uat,gold,intl_fact_iata_index,PREVIOUS_RANK,15,null,int,INT
npc_nih_lakehouse_uat,gold,intl_fact_iata_index,RANK_DIFFERENCE,16,null,int,INT
npc_nih_lakehouse_uat,gold,intl_fact_iata_index,TREND_DIRECTION,17,null,string,STRING
npc_nih_lakehouse_uat,gold,intl_fact_iata_index,GCC_RANK,18,null,int,INT
npc_nih_lakehouse_uat,gold,intl_fact_liner_shipping_connectivity_index,GLD_LINER_SHIPPING_ID,0,null,bigint,LONG
npc_nih_lakehouse_uat,gold,intl_fact_liner_shipping_connectivity_index,SLVR_LINER_SHIPPING_ID,1,null,bigint,LONG
npc_nih_lakehouse_uat,gold,intl_fact_liner_shipping_connectivity_index,BRNZ_LINER_SHIPPING_ID,2,null,bigint,LONG
npc_nih_lakehouse_uat,gold,intl_fact_liner_shipping_connectivity_index,COUNTRY_ID,3,null,bigint,LONG
npc_nih_lakehouse_uat,gold,intl_fact_liner_shipping_connectivity_index,INDICATOR_ID,4,null,bigint,LONG
npc_nih_lakehouse_uat,gold,intl_fact_liner_shipping_connectivity_index,DATE_ID,5,null,bigint,LONG
npc_nih_lakehouse_uat,gold,intl_fact_liner_shipping_connectivity_index,QUARTER_LABEL,6,null,string,STRING
npc_nih_lakehouse_uat,gold,intl_fact_liner_shipping_connectivity_index,INDEX_AVERAGE_Q1_2023_100,7,null,double,DOUBLE
npc_nih_lakehouse_uat,gold,intl_fact_liner_shipping_connectivity_index,RANKING_PER_QUARTER,8,null,bigint,LONG
npc_nih_lakehouse_uat,gold,intl_fact_liner_shipping_connectivity_index,YEAR,9,null,bigint,LONG
npc_nih_lakehouse_uat,gold,intl_fact_liner_shipping_connectivity_index,PIPELINE_RUN_ID,10,null,string,STRING
npc_nih_lakehouse_uat,gold,intl_fact_liner_shipping_connectivity_index,PIPELINE_TRIGGER_ID,11,null,string,STRING
npc_nih_lakehouse_uat,gold,intl_fact_liner_shipping_connectivity_index,PIPELINE_TRIGGER_TIME,12,null,timestamp,TIMESTAMP
npc_nih_lakehouse_uat,gold,intl_fact_liner_shipping_connectivity_index,PIPELINE_TRIGGERED_BY_PIPELINE_RUN_ID,13,null,string,STRING
npc_nih_lakehouse_uat,gold,intl_fact_liner_shipping_connectivity_index,PIPELINE_NAME,14,null,string,STRING
npc_nih_lakehouse_uat,gold,intl_fact_liner_shipping_connectivity_index,ADF_PERIOD,15,null,string,STRING
npc_nih_lakehouse_uat,gold,intl_fact_liner_shipping_connectivity_index,PREVIOUS_RANK,16,null,int,INT
npc_nih_lakehouse_uat,gold,intl_fact_liner_shipping_connectivity_index,RANK_DIFFERENCE,17,null,int,INT
npc_nih_lakehouse_uat,gold,intl_fact_liner_shipping_connectivity_index,TREND_DIRECTION,18,null,string,STRING
npc_nih_lakehouse_uat,gold,intl_fact_liner_shipping_connectivity_index,GCC_RANK,19,null,int,INT
npc_nih_lakehouse_uat,gold,intl_fact_lpi_ranking,GLD_LPI_RANKINGS_ID,0,null,bigint,LONG
npc_nih_lakehouse_uat,gold,intl_fact_lpi_ranking,SLVR_LPI_RANKINGS_ID,1,null,bigint,LONG
npc_nih_lakehouse_uat,gold,intl_fact_lpi_ranking,BRNZ_LPI_RANKINGS_ID,2,null,bigint,LONG
npc_nih_lakehouse_uat,gold,intl_fact_lpi_ranking,COUNTRY_ID,3,null,bigint,LONG
npc_nih_lakehouse_uat,gold,intl_fact_lpi_ranking,INDICATOR_ID,4,null,double,DOUBLE
npc_nih_lakehouse_uat,gold,intl_fact_lpi_ranking,DATE_ID,5,null,bigint,LONG
npc_nih_lakehouse_uat,gold,intl_fact_lpi_ranking,YEAR,6,null,string,STRING
npc_nih_lakehouse_uat,gold,intl_fact_lpi_ranking,LPI_SCORE,7,null,double,DOUBLE
npc_nih_lakehouse_uat,gold,intl_fact_lpi_ranking,LPI_GROUPED_RANK,8,null,bigint,LONG
npc_nih_lakehouse_uat,gold,intl_fact_lpi_ranking,CUSTOMS_SCORE,9,null,double,DOUBLE
npc_nih_lakehouse_uat,gold,intl_fact_lpi_ranking,CUSTOMS_GROUPED_RANK,10,null,bigint,LONG
npc_nih_lakehouse_uat,gold,intl_fact_lpi_ranking,INFRASTRUCTURE_SCORE,11,null,double,DOUBLE
npc_nih_lakehouse_uat,gold,intl_fact_lpi_ranking,INFRASTRUCTURE_GROUPED_RANK,12,null,bigint,LONG
npc_nih_lakehouse_uat,gold,intl_fact_lpi_ranking,INTERNATIONAL_SHIPMENTS_SCORE,13,null,double,DOUBLE
npc_nih_lakehouse_uat,gold,intl_fact_lpi_ranking,INTERNATIONAL_SHIPMENTS_GROUPED_RANK,14,null,bigint,LONG
npc_nih_lakehouse_uat,gold,intl_fact_lpi_ranking,LOGISTICS_COMPETENCE_AND_QUALITY_SCORE,15,null,double,DOUBLE
npc_nih_lakehouse_uat,gold,intl_fact_lpi_ranking,LOGISTICS_COMPETENCE_AND_QUALITY_GROUPED_RANK,16,null,bigint,LONG
npc_nih_lakehouse_uat,gold,intl_fact_lpi_ranking,TIMELINESS_SCORE,17,null,double,DOUBLE
npc_nih_lakehouse_uat,gold,intl_fact_lpi_ranking,TIMELINESS_GROUPED_RANK,18,null,bigint,LONG
npc_nih_lakehouse_uat,gold,intl_fact_lpi_ranking,TRACKING_AND_TRACING_SCORE,19,null,double,DOUBLE
npc_nih_lakehouse_uat,gold,intl_fact_lpi_ranking,TRACKING_AND_TRACING_GROUPED_RANK,20,null,bigint,LONG
npc_nih_lakehouse_uat,gold,intl_fact_lpi_ranking,PIPELINE_RUN_ID,21,null,string,STRING
npc_nih_lakehouse_uat,gold,intl_fact_lpi_ranking,PIPELINE_TRIGGER_ID,22,null,string,STRING
npc_nih_lakehouse_uat,gold,intl_fact_lpi_ranking,PIPELINE_TRIGGER_TIME,23,null,timestamp,TIMESTAMP
npc_nih_lakehouse_uat,gold,intl_fact_lpi_ranking,PIPELINE_TRIGGERED_BY_PIPELINE_RUN_ID,24,null,string,STRING
npc_nih_lakehouse_uat,gold,intl_fact_lpi_ranking,PIPELINE_NAME,25,null,string,STRING
npc_nih_lakehouse_uat,gold,intl_fact_lpi_ranking,ADF_PERIOD,26,null,string,STRING
npc_nih_lakehouse_uat,gold,intl_fact_lpi_ranking,PREVIOUS_RANK,27,null,int,INT
npc_nih_lakehouse_uat,gold,intl_fact_lpi_ranking,RANK_DIFFERENCE,28,null,int,INT
npc_nih_lakehouse_uat,gold,intl_fact_lpi_ranking,TREND_DIRECTION,29,null,string,STRING
npc_nih_lakehouse_uat,gold,intl_fact_lpi_ranking,GCC_RANK,30,null,int,INT
npc_nih_lakehouse_uat,gold,intl_fact_msci_all_country_world_index,GLD_MSCI_ID,0,null,bigint,LONG
npc_nih_lakehouse_uat,gold,intl_fact_msci_all_country_world_index,SLVR_MSCI_ID,1,null,bigint,LONG
npc_nih_lakehouse_uat,gold,intl_fact_msci_all_country_world_index,BRNZ_MSCI_ID,2,null,bigint,LONG
npc_nih_lakehouse_uat,gold,intl_fact_msci_all_country_world_index,COUNTRY_ID,3,null,bigint,LONG
npc_nih_lakehouse_uat,gold,intl_fact_msci_all_country_world_index,INDICATOR_ID,4,null,bigint,LONG
npc_nih_lakehouse_uat,gold,intl_fact_msci_all_country_world_index,DATE_ID,5,null,bigint,LONG
npc_nih_lakehouse_uat,gold,intl_fact_msci_all_country_world_index,MARKET_TYPE,6,null,string,STRING
npc_nih_lakehouse_uat,gold,intl_fact_msci_all_country_world_index,REGION,7,null,string,STRING
npc_nih_lakehouse_uat,gold,intl_fact_msci_all_country_world_index,YEAR,8,null,bigint,LONG
npc_nih_lakehouse_uat,gold,intl_fact_msci_all_country_world_index,PIPELINE_RUN_ID,9,null,string,STRING
npc_nih_lakehouse_uat,gold,intl_fact_msci_all_country_world_index,PIPELINE_TRIGGER_ID,10,null,string,STRING
npc_nih_lakehouse_uat,gold,intl_fact_msci_all_country_world_index,PIPELINE_TRIGGER_TIME,11,null,timestamp,TIMESTAMP
npc_nih_lakehouse_uat,gold,intl_fact_msci_all_country_world_index,PIPELINE_TRIGGERED_BY_PIPELINE_RUN_ID,12,null,string,STRING
npc_nih_lakehouse_uat,gold,intl_fact_msci_all_country_world_index,PIPELINE_NAME,13,null,string,STRING
npc_nih_lakehouse_uat,gold,intl_fact_msci_all_country_world_index,ADF_PERIOD,14,null,string,STRING
npc_nih_lakehouse_uat,gold,intl_fact_network_readiness_index_ranking,GLD_NRI_ID,0,null,bigint,LONG
npc_nih_lakehouse_uat,gold,intl_fact_network_readiness_index_ranking,SLVR_NRI_ID,1,null,bigint,LONG
npc_nih_lakehouse_uat,gold,intl_fact_network_readiness_index_ranking,BRNZ_NRI_ID,2,null,bigint,LONG
npc_nih_lakehouse_uat,gold,intl_fact_network_readiness_index_ranking,COUNTRY_ID,3,null,bigint,LONG
npc_nih_lakehouse_uat,gold,intl_fact_network_readiness_index_ranking,INDICATOR_ID,4,null,bigint,LONG
npc_nih_lakehouse_uat,gold,intl_fact_network_readiness_index_ranking,DATE_ID,5,null,bigint,LONG
npc_nih_lakehouse_uat,gold,intl_fact_network_readiness_index_ranking,REGION,6,null,string,STRING
npc_nih_lakehouse_uat,gold,intl_fact_network_readiness_index_ranking,INCOME_GROUP,7,null,string,STRING
npc_nih_lakehouse_uat,gold,intl_fact_network_readiness_index_ranking,GDP_PER_CAPITA,8,null,string,STRING
npc_nih_lakehouse_uat,gold,intl_fact_network_readiness_index_ranking,POPULATION,9,null,string,STRING
npc_nih_lakehouse_uat,gold,intl_fact_network_readiness_index_ranking,NRI_SCORE,10,null,double,DOUBLE
npc_nih_lakehouse_uat,gold,intl_fact_network_readiness_index_ranking,NRI_RANKING,11,null,double,DOUBLE
npc_nih_lakehouse_uat,gold,intl_fact_network_readiness_index_ranking,TECHNOLOGY_SCORE,12,null,double,DOUBLE
npc_nih_lakehouse_uat,gold,intl_fact_network_readiness_index_ranking,PEOPLE_SCORE,13,null,double,DOUBLE
npc_nih_lakehouse_uat,gold,intl_fact_network_readiness_index_ranking,GOVERNANCE_SCORE,14,null,double,DOUBLE
npc_nih_lakehouse_uat,gold,intl_fact_network_readiness_index_ranking,IMPACT_SCORE,15,null,double,DOUBLE
npc_nih_lakehouse_uat,gold,intl_fact_network_readiness_index_ranking,TECHNOLOGY_RANKING,16,null,double,DOUBLE
npc_nih_lakehouse_uat,gold,intl_fact_network_readiness_index_ranking,PEOPLE_RANKING,17,null,double,DOUBLE
npc_nih_lakehouse_uat,gold,intl_fact_network_readiness_index_ranking,GOVERNANCE_RANKING,18,null,double,DOUBLE
npc_nih_lakehouse_uat,gold,intl_fact_network_readiness_index_ranking,IMPACT_RANKING,19,null,double,DOUBLE
npc_nih_lakehouse_uat,gold,intl_fact_network_readiness_index_ranking,YEAR,20,null,bigint,LONG
npc_nih_lakehouse_uat,gold,intl_fact_network_readiness_index_ranking,PIPELINE_RUN_ID,21,null,string,STRING
npc_nih_lakehouse_uat,gold,intl_fact_network_readiness_index_ranking,PIPELINE_TRIGGER_ID,22,null,string,STRING
npc_nih_lakehouse_uat,gold,intl_fact_network_readiness_index_ranking,PIPELINE_TRIGGER_TIME,23,null,timestamp,TIMESTAMP
npc_nih_lakehouse_uat,gold,intl_fact_network_readiness_index_ranking,PIPELINE_TRIGGERED_BY_PIPELINE_RUN_ID,24,null,string,STRING
npc_nih_lakehouse_uat,gold,intl_fact_network_readiness_index_ranking,PIPELINE_NAME,25,null,string,STRING
npc_nih_lakehouse_uat,gold,intl_fact_network_readiness_index_ranking,ADF_PERIOD,26,null,string,STRING
npc_nih_lakehouse_uat,gold,intl_fact_network_readiness_index_ranking,PREVIOUS_RANK,27,null,int,INT
npc_nih_lakehouse_uat,gold,intl_fact_network_readiness_index_ranking,RANK_DIFFERENCE,28,null,int,INT
npc_nih_lakehouse_uat,gold,intl_fact_network_readiness_index_ranking,TREND_DIRECTION,29,null,string,STRING
npc_nih_lakehouse_uat,gold,intl_fact_network_readiness_index_ranking,GCC_RANK,30,null,int,INT
npc_nih_lakehouse_uat,gold,intl_fact_ntm_frequency_ratio,GLD_NTM_ID,0,null,bigint,LONG
npc_nih_lakehouse_uat,gold,intl_fact_ntm_frequency_ratio,SLVR_NTM_ID,1,null,bigint,LONG
npc_nih_lakehouse_uat,gold,intl_fact_ntm_frequency_ratio,BRNZ_NTM_ID,2,null,bigint,LONG
npc_nih_lakehouse_uat,gold,intl_fact_ntm_frequency_ratio,INDICATOR_ID,3,null,int,INT
npc_nih_lakehouse_uat,gold,intl_fact_ntm_frequency_ratio,COUNTRY_ID,4,null,int,INT
npc_nih_lakehouse_uat,gold,intl_fact_ntm_frequency_ratio,DATE_ID,5,null,int,INT
npc_nih_lakehouse_uat,gold,intl_fact_ntm_frequency_ratio,YEAR,6,null,bigint,LONG
npc_nih_lakehouse_uat,gold,intl_fact_ntm_frequency_ratio,TRADE_TYPE_ID,7,null,int,INT
npc_nih_lakehouse_uat,gold,intl_fact_ntm_frequency_ratio,TRADE_TYPE_EN,8,null,string,STRING
npc_nih_lakehouse_uat,gold,intl_fact_ntm_frequency_ratio,TRADE_TYPE_AR,9,null,string,STRING
npc_nih_lakehouse_uat,gold,intl_fact_ntm_frequency_ratio,NTM_COVERAGE_RATIO,10,null,double,DOUBLE
npc_nih_lakehouse_uat,gold,intl_fact_ntm_frequency_ratio,NTM_FREQUENCY_RATIO,11,null,double,DOUBLE
npc_nih_lakehouse_uat,gold,intl_fact_ntm_frequency_ratio,TRADED_PRODUCTS_TOTAL,12,null,bigint,LONG
npc_nih_lakehouse_uat,gold,intl_fact_ntm_frequency_ratio,NTM_AFFECTED_PRODUCT_COUNT,13,null,bigint,LONG
npc_nih_lakehouse_uat,gold,intl_fact_ntm_frequency_ratio,TOTAL_TRADE,14,null,double,DOUBLE
npc_nih_lakehouse_uat,gold,intl_fact_ntm_frequency_ratio,NTM_AFFECTED_TRADE,15,null,double,DOUBLE
npc_nih_lakehouse_uat,gold,intl_fact_ntm_frequency_ratio,PIPELINE_RUN_ID,16,null,string,STRING
npc_nih_lakehouse_uat,gold,intl_fact_ntm_frequency_ratio,PIPELINE_TRIGGER_ID,17,null,string,STRING
npc_nih_lakehouse_uat,gold,intl_fact_ntm_frequency_ratio,PIPELINE_TRIGGER_TIME,18,null,timestamp,TIMESTAMP
npc_nih_lakehouse_uat,gold,intl_fact_ntm_frequency_ratio,PIPELINE_TRIGGERED_BY_PIPELINE_RUN_ID,19,null,string,STRING
npc_nih_lakehouse_uat,gold,intl_fact_ntm_frequency_ratio,PIPELINE_NAME,20,null,string,STRING
npc_nih_lakehouse_uat,gold,intl_fact_ntm_frequency_ratio,ADF_PERIOD,21,null,string,STRING
npc_nih_lakehouse_uat,gold,intl_fact_obesity_rate,GLD_OBESITY_RATE_ID,0,null,bigint,LONG
npc_nih_lakehouse_uat,gold,intl_fact_obesity_rate,SLVR_OBESITY_RATE_ID,1,null,bigint,LONG
npc_nih_lakehouse_uat,gold,intl_fact_obesity_rate,BRNZ_OBESITY_RATE_ID,2,null,bigint,LONG
npc_nih_lakehouse_uat,gold,intl_fact_obesity_rate,COUNTRY_ID,3,null,bigint,LONG
npc_nih_lakehouse_uat,gold,intl_fact_obesity_rate,INDICATOR_ID,4,null,bigint,LONG
npc_nih_lakehouse_uat,gold,intl_fact_obesity_rate,DATE_ID,5,null,bigint,LONG
npc_nih_lakehouse_uat,gold,intl_fact_obesity_rate,YEAR,6,null,bigint,LONG
npc_nih_lakehouse_uat,gold,intl_fact_obesity_rate,GENDER_ID,7,null,int,INT
npc_nih_lakehouse_uat,gold,intl_fact_obesity_rate,GENDER_EN,8,null,string,STRING
npc_nih_lakehouse_uat,gold,intl_fact_obesity_rate,GENDER_AR,9,null,string,STRING
npc_nih_lakehouse_uat,gold,intl_fact_obesity_rate,VALUE,10,null,double,DOUBLE
npc_nih_lakehouse_uat,gold,intl_fact_obesity_rate,PIPELINE_RUN_ID,11,null,string,STRING
npc_nih_lakehouse_uat,gold,intl_fact_obesity_rate,PIPELINE_TRIGGER_ID,12,null,string,STRING
npc_nih_lakehouse_uat,gold,intl_fact_obesity_rate,PIPELINE_TRIGGER_TIME,13,null,timestamp,TIMESTAMP
npc_nih_lakehouse_uat,gold,intl_fact_obesity_rate,PIPELINE_TRIGGERED_BY_PIPELINE_RUN_ID,14,null,string,STRING
npc_nih_lakehouse_uat,gold,intl_fact_obesity_rate,PIPELINE_NAME,15,null,string,STRING
npc_nih_lakehouse_uat,gold,intl_fact_obesity_rate,ADF_PERIOD,16,null,string,STRING
npc_nih_lakehouse_uat,gold,intl_fact_obesity_rate,PREVIOUS_VALUE,17,null,double,DOUBLE
npc_nih_lakehouse_uat,gold,intl_fact_obesity_rate,VALUE_DIFFERENCE,18,null,double,DOUBLE
npc_nih_lakehouse_uat,gold,intl_fact_obesity_rate,TREND_DIRECTION,19,null,string,STRING
npc_nih_lakehouse_uat,gold,intl_fact_online_public_services_percentage,GLD_ONLINE_PUBLIC_SERVICES_ID,0,null,bigint,LONG
npc_nih_lakehouse_uat,gold,intl_fact_online_public_services_percentage,SLVR_ONLINE_PUBLIC_SERVICES_ID,1,null,bigint,LONG
npc_nih_lakehouse_uat,gold,intl_fact_online_public_services_percentage,BRNZ_ONLINE_PUBLIC_SERVICES_ID,2,null,bigint,LONG
npc_nih_lakehouse_uat,gold,intl_fact_online_public_services_percentage,COUNTRY_ID,3,null,bigint,LONG
npc_nih_lakehouse_uat,gold,intl_fact_online_public_services_percentage,INDICATOR_ID,4,null,bigint,LONG
npc_nih_lakehouse_uat,gold,intl_fact_online_public_services_percentage,DATE_ID,5,null,bigint,LONG
npc_nih_lakehouse_uat,gold,intl_fact_online_public_services_percentage,SURVEY_YEAR,6,null,bigint,LONG
npc_nih_lakehouse_uat,gold,intl_fact_online_public_services_percentage,ONLINE_SERVICE_INDEX,7,null,double,DOUBLE
npc_nih_lakehouse_uat,gold,intl_fact_online_public_services_percentage,PIPELINE_RUN_ID,8,null,string,STRING
npc_nih_lakehouse_uat,gold,intl_fact_online_public_services_percentage,PIPELINE_TRIGGER_ID,9,null,string,STRING
npc_nih_lakehouse_uat,gold,intl_fact_online_public_services_percentage,PIPELINE_TRIGGER_TIME,10,null,timestamp,TIMESTAMP
npc_nih_lakehouse_uat,gold,intl_fact_online_public_services_percentage,PIPELINE_TRIGGERED_BY_PIPELINE_RUN_ID,11,null,string,STRING
npc_nih_lakehouse_uat,gold,intl_fact_online_public_services_percentage,PIPELINE_NAME,12,null,string,STRING
npc_nih_lakehouse_uat,gold,intl_fact_online_public_services_percentage,ADF_PERIOD,13,null,string,STRING
npc_nih_lakehouse_uat,gold,intl_fact_online_public_services_percentage,PREVIOUS_VALUE,14,null,double,DOUBLE
npc_nih_lakehouse_uat,gold,intl_fact_online_public_services_percentage,VALUE_DIFFERENCE,15,null,double,DOUBLE
npc_nih_lakehouse_uat,gold,intl_fact_online_public_services_percentage,TREND_DIRECTION,16,null,string,STRING
npc_nih_lakehouse_uat,gold,intl_fact_out_of_pocket_expenditure,GLD_POCKET_EXPENDITURE_ID,0,null,bigint,LONG
npc_nih_lakehouse_uat,gold,intl_fact_out_of_pocket_expenditure,SLVR_POCKET_EXPENDITURE_ID,1,null,bigint,LONG
npc_nih_lakehouse_uat,gold,intl_fact_out_of_pocket_expenditure,BRNZ_POCKET_EXPENDITURE_ID,2,null,bigint,LONG
npc_nih_lakehouse_uat,gold,intl_fact_out_of_pocket_expenditure,COUNTRY_ID,3,null,bigint,LONG
npc_nih_lakehouse_uat,gold,intl_fact_out_of_pocket_expenditure,DATE_ID,4,null,bigint,LONG
npc_nih_lakehouse_uat,gold,intl_fact_out_of_pocket_expenditure,INDICATOR,5,null,string,STRING
npc_nih_lakehouse_uat,gold,intl_fact_out_of_pocket_expenditure,PERIOD,6,null,bigint,LONG
npc_nih_lakehouse_uat,gold,intl_fact_out_of_pocket_expenditure,VALUE,7,null,double,DOUBLE
npc_nih_lakehouse_uat,gold,intl_fact_out_of_pocket_expenditure,PIPELINE_RUN_ID,8,null,string,STRING
npc_nih_lakehouse_uat,gold,intl_fact_out_of_pocket_expenditure,PIPELINE_TRIGGER_ID,9,null,string,STRING
npc_nih_lakehouse_uat,gold,intl_fact_out_of_pocket_expenditure,PIPELINE_TRIGGER_TIME,10,null,timestamp,TIMESTAMP
npc_nih_lakehouse_uat,gold,intl_fact_out_of_pocket_expenditure,PIPELINE_TRIGGERED_BY_PIPELINE_RUN_ID,11,null,string,STRING
npc_nih_lakehouse_uat,gold,intl_fact_out_of_pocket_expenditure,PIPELINE_NAME,12,null,string,STRING
npc_nih_lakehouse_uat,gold,intl_fact_out_of_pocket_expenditure,ADF_PERIOD,13,null,string,STRING
npc_nih_lakehouse_uat,gold,intl_fact_out_of_pocket_expenditure,PREVIOUS_VALUE,14,null,double,DOUBLE
npc_nih_lakehouse_uat,gold,intl_fact_out_of_pocket_expenditure,VALUE_DIFFERENCE,15,null,double,DOUBLE
npc_nih_lakehouse_uat,gold,intl_fact_out_of_pocket_expenditure,TREND_DIRECTION,16,null,string,STRING
npc_nih_lakehouse_uat,gold,intl_fact_out_of_pocket_expenditure,INDICATOR_ID,17,null,double,DOUBLE
npc_nih_lakehouse_uat,gold,intl_fact_physically_active,GLD_PHYSICALLY_ID,0,null,bigint,LONG
npc_nih_lakehouse_uat,gold,intl_fact_physically_active,SLVR_PHYSICALLY_ID,1,null,bigint,LONG
npc_nih_lakehouse_uat,gold,intl_fact_physically_active,BRNZ_PHYSICALLY_ID,2,null,bigint,LONG
npc_nih_lakehouse_uat,gold,intl_fact_physically_active,COUNTRY_ID,3,null,bigint,LONG
npc_nih_lakehouse_uat,gold,intl_fact_physically_active,INDICATOR_ID,4,null,bigint,LONG
npc_nih_lakehouse_uat,gold,intl_fact_physically_active,DATE_ID,5,null,bigint,LONG
npc_nih_lakehouse_uat,gold,intl_fact_physically_active,PHYSICAL_INACTIVITY_18_PLUS,6,null,bigint,LONG
npc_nih_lakehouse_uat,gold,intl_fact_physically_active,PHYSICAL_ACTIVITY_18_PLUS,7,null,bigint,LONG
npc_nih_lakehouse_uat,gold,intl_fact_physically_active,GENDER_ID,8,null,int,INT
npc_nih_lakehouse_uat,gold,intl_fact_physically_active,GENDER_EN,9,null,string,STRING
npc_nih_lakehouse_uat,gold,intl_fact_physically_active,GENDER_AR,10,null,string,STRING
npc_nih_lakehouse_uat,gold,intl_fact_physically_active,YEAR,11,null,bigint,LONG
npc_nih_lakehouse_uat,gold,intl_fact_physically_active,PIPELINE_RUN_ID,12,null,string,STRING
npc_nih_lakehouse_uat,gold,intl_fact_physically_active,PIPELINE_TRIGGER_ID,13,null,string,STRING
npc_nih_lakehouse_uat,gold,intl_fact_physically_active,PIPELINE_TRIGGER_TIME,14,null,timestamp,TIMESTAMP
npc_nih_lakehouse_uat,gold,intl_fact_physically_active,PIPELINE_TRIGGERED_BY_PIPELINE_RUN_ID,15,null,string,STRING
npc_nih_lakehouse_uat,gold,intl_fact_physically_active,PIPELINE_NAME,16,null,string,STRING
npc_nih_lakehouse_uat,gold,intl_fact_physically_active,ADF_PERIOD,17,null,string,STRING
npc_nih_lakehouse_uat,gold,intl_fact_pisa_ranking,GLD_PISA_ID,0,null,bigint,LONG
npc_nih_lakehouse_uat,gold,intl_fact_pisa_ranking,SLVR_PISA_ID,1,null,bigint,LONG
npc_nih_lakehouse_uat,gold,intl_fact_pisa_ranking,BRNZ_PISA_ID,2,null,bigint,LONG
npc_nih_lakehouse_uat,gold,intl_fact_pisa_ranking,COUNTRY_ID,3,null,bigint,LONG
npc_nih_lakehouse_uat,gold,intl_fact_pisa_ranking,INDICATOR_ID,4,null,bigint,LONG
npc_nih_lakehouse_uat,gold,intl_fact_pisa_ranking,DATE_ID,5,null,bigint,LONG
npc_nih_lakehouse_uat,gold,intl_fact_pisa_ranking,READING_MEAN,6,null,string,STRING
npc_nih_lakehouse_uat,gold,intl_fact_pisa_ranking,MATHEMATICS_MEAN,7,null,double,DOUBLE
npc_nih_lakehouse_uat,gold,intl_fact_pisa_ranking,SCIENCE_MEAN,8,null,bigint,LONG
npc_nih_lakehouse_uat,gold,intl_fact_pisa_ranking,YEAR,9,null,bigint,LONG
npc_nih_lakehouse_uat,gold,intl_fact_pisa_ranking,TOTAL_MEAN_SCORE,10,null,double,DOUBLE
npc_nih_lakehouse_uat,gold,intl_fact_pisa_ranking,AVERAGE_MEAN_SCORE,11,null,double,DOUBLE
npc_nih_lakehouse_uat,gold,intl_fact_pisa_ranking,PISA_RANK,12,null,bigint,LONG
npc_nih_lakehouse_uat,gold,intl_fact_pisa_ranking,PIPELINE_RUN_ID,13,null,string,STRING
npc_nih_lakehouse_uat,gold,intl_fact_pisa_ranking,PIPELINE_TRIGGER_ID,14,null,string,STRING
npc_nih_lakehouse_uat,gold,intl_fact_pisa_ranking,PIPELINE_TRIGGER_TIME,15,null,timestamp,TIMESTAMP
npc_nih_lakehouse_uat,gold,intl_fact_pisa_ranking,PIPELINE_TRIGGERED_BY_PIPELINE_RUN_ID,16,null,string,STRING
npc_nih_lakehouse_uat,gold,intl_fact_pisa_ranking,PIPELINE_NAME,17,null,string,STRING
npc_nih_lakehouse_uat,gold,intl_fact_pisa_ranking,ADF_PERIOD,18,null,string,STRING
npc_nih_lakehouse_uat,gold,intl_fact_pisa_ranking,PREVIOUS_RANK,19,null,int,INT
npc_nih_lakehouse_uat,gold,intl_fact_pisa_ranking,RANK_DIFFERENCE,20,null,int,INT
npc_nih_lakehouse_uat,gold,intl_fact_pisa_ranking,TREND_DIRECTION,21,null,string,STRING
npc_nih_lakehouse_uat,gold,intl_fact_pisa_ranking,GCC_RANK,22,null,int,INT
npc_nih_lakehouse_uat,gold,intl_fact_private_expenditure,GLD_PRIVATE_EXPENDITURE_ID,0,null,bigint,LONG
npc_nih_lakehouse_uat,gold,intl_fact_private_expenditure,SLVR_PRIVATE_EXPENDITURE_ID,1,null,bigint,LONG
npc_nih_lakehouse_uat,gold,intl_fact_private_expenditure,BRNZ_PRIVATE_EXPENDITURE_ID,2,null,bigint,LONG
npc_nih_lakehouse_uat,gold,intl_fact_private_expenditure,COUNTRY_ID,3,null,bigint,LONG
npc_nih_lakehouse_uat,gold,intl_fact_private_expenditure,INDICATOR_ID,4,null,bigint,LONG
npc_nih_lakehouse_uat,gold,intl_fact_private_expenditure,DATE_ID,5,null,bigint,LONG
npc_nih_lakehouse_uat,gold,intl_fact_private_expenditure,INDICATOR,6,null,string,STRING
npc_nih_lakehouse_uat,gold,intl_fact_private_expenditure,PERIOD,7,null,bigint,LONG
npc_nih_lakehouse_uat,gold,intl_fact_private_expenditure,VALUE,8,null,double,DOUBLE
npc_nih_lakehouse_uat,gold,intl_fact_private_expenditure,PIPELINE_RUN_ID,9,null,string,STRING
npc_nih_lakehouse_uat,gold,intl_fact_private_expenditure,PIPELINE_TRIGGER_ID,10,null,string,STRING
npc_nih_lakehouse_uat,gold,intl_fact_private_expenditure,PIPELINE_TRIGGER_TIME,11,null,timestamp,TIMESTAMP
npc_nih_lakehouse_uat,gold,intl_fact_private_expenditure,PIPELINE_TRIGGERED_BY_PIPELINE_RUN_ID,12,null,string,STRING
npc_nih_lakehouse_uat,gold,intl_fact_private_expenditure,PIPELINE_NAME,13,null,string,STRING
npc_nih_lakehouse_uat,gold,intl_fact_private_expenditure,ADF_PERIOD,14,null,string,STRING
npc_nih_lakehouse_uat,gold,intl_fact_private_expenditure,PREVIOUS_VALUE,15,null,double,DOUBLE
npc_nih_lakehouse_uat,gold,intl_fact_private_expenditure,VALUE_DIFFERENCE,16,null,double,DOUBLE
npc_nih_lakehouse_uat,gold,intl_fact_private_expenditure,TREND_DIRECTION,17,null,string,STRING
npc_nih_lakehouse_uat,gold,intl_fact_regulatory_quality_index,GLD_REGULATORY_QUALITY_ID,0,null,bigint,LONG
npc_nih_lakehouse_uat,gold,intl_fact_regulatory_quality_index,SLVR_REGULATORY_QUALITY_ID,1,null,bigint,LONG
npc_nih_lakehouse_uat,gold,intl_fact_regulatory_quality_index,BRNZ_REGULATORY_QUALITY_ID,2,null,bigint,LONG
npc_nih_lakehouse_uat,gold,intl_fact_regulatory_quality_index,COUNTRY_ID,3,null,int,INT
npc_nih_lakehouse_uat,gold,intl_fact_regulatory_quality_index,DATE_ID,4,null,int,INT
npc_nih_lakehouse_uat,gold,intl_fact_regulatory_quality_index,INDICATOR_ID,5,null,double,DOUBLE
npc_nih_lakehouse_uat,gold,intl_fact_regulatory_quality_index,YEAR,6,null,bigint,LONG
npc_nih_lakehouse_uat,gold,intl_fact_regulatory_quality_index,PCTRANK,7,null,string,STRING
npc_nih_lakehouse_uat,gold,intl_fact_regulatory_quality_index,Pipeline_Run_ID,8,null,string,STRING
npc_nih_lakehouse_uat,gold,intl_fact_regulatory_quality_index,Pipeline_Trigger_ID,9,null,string,STRING
npc_nih_lakehouse_uat,gold,intl_fact_regulatory_quality_index,Pipeline_Trigger_Time,10,null,timestamp,TIMESTAMP
npc_nih_lakehouse_uat,gold,intl_fact_regulatory_quality_index,Pipeline_Triggered_By_Pipeline_Run_ID,11,null,string,STRING
npc_nih_lakehouse_uat,gold,intl_fact_regulatory_quality_index,Pipeline_Name,12,null,string,STRING
npc_nih_lakehouse_uat,gold,intl_fact_regulatory_quality_index,ADF_PERIOD,13,null,string,STRING
npc_nih_lakehouse_uat,gold,intl_fact_regulatory_quality_index,PREVIOUS_VALUE,14,null,double,DOUBLE
npc_nih_lakehouse_uat,gold,intl_fact_regulatory_quality_index,VALUE_DIFFERENCE,15,null,double,DOUBLE
npc_nih_lakehouse_uat,gold,intl_fact_regulatory_quality_index,TREND_DIRECTION,16,null,string,STRING
npc_nih_lakehouse_uat,gold,intl_fact_vc_deals_startups_value,GLD_VC_DEALS_ID,0,null,bigint,LONG
npc_nih_lakehouse_uat,gold,intl_fact_vc_deals_startups_value,SLVR_VC_DEALS_ID,1,null,bigint,LONG
npc_nih_lakehouse_uat,gold,intl_fact_vc_deals_startups_value,BRNZ_VC_DEALS_ID,2,null,bigint,LONG
npc_nih_lakehouse_uat,gold,intl_fact_vc_deals_startups_value,COUNTRY_ID,3,null,bigint,LONG
npc_nih_lakehouse_uat,gold,intl_fact_vc_deals_startups_value,INDICATOR_ID,4,null,bigint,LONG
npc_nih_lakehouse_uat,gold,intl_fact_vc_deals_startups_value,DATE_ID,5,null,bigint,LONG
npc_nih_lakehouse_uat,gold,intl_fact_vc_deals_startups_value,YEAR,6,null,bigint,LONG
npc_nih_lakehouse_uat,gold,intl_fact_vc_deals_startups_value,FUNDING_AMOUNT_QR,7,null,"decimal(10,0)",DECIMAL
npc_nih_lakehouse_uat,gold,intl_fact_vc_deals_startups_value,DEALS,8,null,bigint,LONG
npc_nih_lakehouse_uat,gold,intl_fact_vc_deals_startups_value,GDP,9,null,"decimal(18,2)",DECIMAL
npc_nih_lakehouse_uat,gold,intl_fact_vc_deals_startups_value,PROPORTION_TO_GDP_PERCENT,10,null,double,DOUBLE
npc_nih_lakehouse_uat,gold,intl_fact_vc_deals_startups_value,PIPELINE_RUN_ID,11,null,string,STRING
npc_nih_lakehouse_uat,gold,intl_fact_vc_deals_startups_value,PIPELINE_TRIGGER_ID,12,null,string,STRING
npc_nih_lakehouse_uat,gold,intl_fact_vc_deals_startups_value,PIPELINE_TRIGGER_TIME,13,null,timestamp,TIMESTAMP
npc_nih_lakehouse_uat,gold,intl_fact_vc_deals_startups_value,PIPELINE_TRIGGERED_BY_PIPELINE_RUN_ID,14,null,string,STRING
npc_nih_lakehouse_uat,gold,intl_fact_vc_deals_startups_value,PIPELINE_NAME,15,null,string,STRING
npc_nih_lakehouse_uat,gold,intl_fact_vc_deals_startups_value,ADF_PERIOD,16,null,string,STRING
npc_nih_lakehouse_uat,gold,intl_fact_vc_deals_startups_value,PREVIOUS_VALUE,17,null,double,DOUBLE
npc_nih_lakehouse_uat,gold,intl_fact_vc_deals_startups_value,VALUE_DIFFERENCE,18,null,double,DOUBLE
npc_nih_lakehouse_uat,gold,intl_fact_vc_deals_startups_value,TREND_DIRECTION,19,null,string,STRING
npc_nih_lakehouse_uat,gold,moci_fact_manufacturing_sector_total_investments,GLD_MFG_SEC_INV_ID,0,null,bigint,LONG
npc_nih_lakehouse_uat,gold,moci_fact_manufacturing_sector_total_investments,SLVR_MFG_SEC_INV_ID,1,null,bigint,LONG
npc_nih_lakehouse_uat,gold,moci_fact_manufacturing_sector_total_investments,BRNZ_MFG_SEC_INV_ID,2,null,bigint,LONG
npc_nih_lakehouse_uat,gold,moci_fact_manufacturing_sector_total_investments,DATE_ID,3,null,bigint,LONG
npc_nih_lakehouse_uat,gold,moci_fact_manufacturing_sector_total_investments,COMPANY_REGISTRATION_NUMBER,4,null,string,STRING
npc_nih_lakehouse_uat,gold,moci_fact_manufacturing_sector_total_investments,FIRM_NAME_AR,5,null,string,STRING
npc_nih_lakehouse_uat,gold,moci_fact_manufacturing_sector_total_investments,FIRM_NAME_EN,6,null,string,STRING
npc_nih_lakehouse_uat,gold,moci_fact_manufacturing_sector_total_investments,FIRM_STAGE,7,null,string,STRING
npc_nih_lakehouse_uat,gold,moci_fact_manufacturing_sector_total_investments,FIRM_CAPITAL_INVESTMENT_QAR,8,null,bigint,LONG
npc_nih_lakehouse_uat,gold,moci_fact_manufacturing_sector_total_investments,ISIC2_CODE,9,null,string,STRING
npc_nih_lakehouse_uat,gold,moci_fact_manufacturing_sector_total_investments,ISIC2_CODE_DESCRIPTION_AR,10,null,string,STRING
npc_nih_lakehouse_uat,gold,moci_fact_manufacturing_sector_total_investments,ISIC2_CODE_DESCRIPTION_EN,11,null,string,STRING
npc_nih_lakehouse_uat,gold,moci_fact_manufacturing_sector_total_investments,ACTIVITY_TYPE,12,null,string,STRING
npc_nih_lakehouse_uat,gold,moci_fact_manufacturing_sector_total_investments,ISIC6_CODE,13,null,string,STRING
npc_nih_lakehouse_uat,gold,moci_fact_manufacturing_sector_total_investments,ISIC6_CODE_DESCRIPTION_AR,14,null,string,STRING
npc_nih_lakehouse_uat,gold,moci_fact_manufacturing_sector_total_investments,ISIC6_CODE_DESCRIPTION_EN,15,null,string,STRING
npc_nih_lakehouse_uat,gold,moci_fact_manufacturing_sector_total_investments,PIPELINE_RUN_ID,16,null,string,STRING
npc_nih_lakehouse_uat,gold,moci_fact_manufacturing_sector_total_investments,PIPELINE_TRIGGER_ID,17,null,string,STRING
npc_nih_lakehouse_uat,gold,moci_fact_manufacturing_sector_total_investments,PIPELINE_TRIGGER_TIME,18,null,timestamp,TIMESTAMP
npc_nih_lakehouse_uat,gold,moci_fact_manufacturing_sector_total_investments,PIPELINE_TRIGGERED_BY_PIPELINE_RUN_ID,19,null,string,STRING
npc_nih_lakehouse_uat,gold,moci_fact_manufacturing_sector_total_investments,PIPELINE_NAME,20,null,string,STRING
npc_nih_lakehouse_uat,gold,moci_fact_manufacturing_sector_total_investments,ADF_PERIOD,21,null,string,STRING
npc_nih_lakehouse_uat,gold,moci_fact_strategic_commodities_reserve,GLD_COMMODITIES_RESERVE_ID,0,null,bigint,LONG
npc_nih_lakehouse_uat,gold,moci_fact_strategic_commodities_reserve,SLVR_COMMODITIES_RESERVE_ID,1,null,bigint,LONG
npc_nih_lakehouse_uat,gold,moci_fact_strategic_commodities_reserve,BRNZ_COMMODITIES_RESERVE_ID,2,null,bigint,LONG
npc_nih_lakehouse_uat,gold,moci_fact_strategic_commodities_reserve,DATE_ID,3,null,bigint,LONG
npc_nih_lakehouse_uat,gold,moci_fact_strategic_commodities_reserve,SERIAL_NUMBER,4,null,string,STRING
npc_nih_lakehouse_uat,gold,moci_fact_strategic_commodities_reserve,GROUP_NAME_AR,5,null,string,STRING
npc_nih_lakehouse_uat,gold,moci_fact_strategic_commodities_reserve,GROUP_NAME_EN,6,null,string,STRING
npc_nih_lakehouse_uat,gold,moci_fact_strategic_commodities_reserve,MAXIMUM_ALLOWED_STOCK,7,null,double,DOUBLE
npc_nih_lakehouse_uat,gold,moci_fact_strategic_commodities_reserve,SAFE_PERIOD_MONTHS,8,null,double,DOUBLE
npc_nih_lakehouse_uat,gold,moci_fact_strategic_commodities_reserve,TOTAL_STOCK,9,null,double,DOUBLE
npc_nih_lakehouse_uat,gold,moci_fact_strategic_commodities_reserve,STOCK_GAP,10,null,double,DOUBLE
npc_nih_lakehouse_uat,gold,moci_fact_strategic_commodities_reserve,SUFFICIENT_FOR_PERIOD_MONTHS,11,null,double,DOUBLE
npc_nih_lakehouse_uat,gold,moci_fact_strategic_commodities_reserve,GAP_PERIOD_MONTHS,12,null,double,DOUBLE
npc_nih_lakehouse_uat,gold,moci_fact_strategic_commodities_reserve,PIPELINE_RUN_ID,13,null,string,STRING
npc_nih_lakehouse_uat,gold,moci_fact_strategic_commodities_reserve,PIPELINE_TRIGGER_ID,14,null,string,STRING
npc_nih_lakehouse_uat,gold,moci_fact_strategic_commodities_reserve,PIPELINE_TRIGGER_TIME,15,null,timestamp,TIMESTAMP
npc_nih_lakehouse_uat,gold,moci_fact_strategic_commodities_reserve,PIPELINE_TRIGGERED_BY_PIPELINE_RUN_ID,16,null,string,STRING
npc_nih_lakehouse_uat,gold,moci_fact_strategic_commodities_reserve,PIPELINE_NAME,17,null,string,STRING
npc_nih_lakehouse_uat,gold,moci_fact_strategic_commodities_reserve,ADF_PERIOD,18,null,string,STRING
npc_nih_lakehouse_uat,gold,moehe_fact_cost_per_student_public,GLD_COST_PER_STUDENT_ID,0,null,bigint,LONG
npc_nih_lakehouse_uat,gold,moehe_fact_cost_per_student_public,SLVR_COST_PER_STUDENT_ID,1,null,bigint,LONG
npc_nih_lakehouse_uat,gold,moehe_fact_cost_per_student_public,BRNZ_COST_PER_STUDENT_ID,2,null,bigint,LONG
npc_nih_lakehouse_uat,gold,moehe_fact_cost_per_student_public,INDICATOR_ID,3,null,bigint,LONG
npc_nih_lakehouse_uat,gold,moehe_fact_cost_per_student_public,DATE_ID,4,null,bigint,LONG
npc_nih_lakehouse_uat,gold,moehe_fact_cost_per_student_public,YEAR,5,null,bigint,LONG
npc_nih_lakehouse_uat,gold,moehe_fact_cost_per_student_public,ACADEMIC_YEAR,6,null,string,STRING
npc_nih_lakehouse_uat,gold,moehe_fact_cost_per_student_public,NUMBER_OF_STUDENTS_IN_PUBLIC_SCHOOLS,7,null,bigint,LONG
npc_nih_lakehouse_uat,gold,moehe_fact_cost_per_student_public,EXPENSES,8,null,double,DOUBLE
npc_nih_lakehouse_uat,gold,moehe_fact_cost_per_student_public,AVERAGE_COST_PER_STUDENT,9,null,double,DOUBLE
npc_nih_lakehouse_uat,gold,moehe_fact_cost_per_student_public,PIPELINE_RUN_ID,10,null,string,STRING
npc_nih_lakehouse_uat,gold,moehe_fact_cost_per_student_public,PIPELINE_TRIGGER_ID,11,null,string,STRING
npc_nih_lakehouse_uat,gold,moehe_fact_cost_per_student_public,PIPELINE_TRIGGER_TIME,12,null,timestamp,TIMESTAMP
npc_nih_lakehouse_uat,gold,moehe_fact_cost_per_student_public,PIPELINE_TRIGGERED_BY_PIPELINE_RUN_ID,13,null,string,STRING
npc_nih_lakehouse_uat,gold,moehe_fact_cost_per_student_public,PIPELINE_NAME,14,null,string,STRING
npc_nih_lakehouse_uat,gold,moehe_fact_cost_per_student_public,ADF_PERIOD,15,null,string,STRING
npc_nih_lakehouse_uat,gold,moehe_fact_qatari_stem_graduates,GLD_STEM_GRADUATES_ID,0,null,bigint,LONG
npc_nih_lakehouse_uat,gold,moehe_fact_qatari_stem_graduates,SLVR_STEM_GRADUATES_ID,1,null,bigint,LONG
npc_nih_lakehouse_uat,gold,moehe_fact_qatari_stem_graduates,BRNZ_STEM_GRADUATES_ID,2,null,bigint,LONG
npc_nih_lakehouse_uat,gold,moehe_fact_qatari_stem_graduates,INDICATOR_ID,3,null,bigint,LONG
npc_nih_lakehouse_uat,gold,moehe_fact_qatari_stem_graduates,COUNTRY_ID,4,null,bigint,LONG
npc_nih_lakehouse_uat,gold,moehe_fact_qatari_stem_graduates,DATE_ID,5,null,bigint,LONG
npc_nih_lakehouse_uat,gold,moehe_fact_qatari_stem_graduates,GENDER_ID,6,null,bigint,LONG
npc_nih_lakehouse_uat,gold,moehe_fact_qatari_stem_graduates,GENDER,7,null,string,STRING
npc_nih_lakehouse_uat,gold,moehe_fact_qatari_stem_graduates,NATIONALITY,8,null,string,STRING
npc_nih_lakehouse_uat,gold,moehe_fact_qatari_stem_graduates,ACADEMIC_YEAR,9,null,string,STRING
npc_nih_lakehouse_uat,gold,moehe_fact_qatari_stem_graduates,YEAR,10,null,bigint,LONG
npc_nih_lakehouse_uat,gold,moehe_fact_qatari_stem_graduates,GRADUATES_IN_STEM_FIELDS,11,null,bigint,LONG
npc_nih_lakehouse_uat,gold,moehe_fact_qatari_stem_graduates,GRADUATES_IN_ALL_FIELDS,12,null,bigint,LONG
npc_nih_lakehouse_uat,gold,moehe_fact_qatari_stem_graduates,RATIO_YEAR,13,null,double,DOUBLE
npc_nih_lakehouse_uat,gold,moehe_fact_qatari_stem_graduates,PIPELINE_RUN_ID,14,null,string,STRING
npc_nih_lakehouse_uat,gold,moehe_fact_qatari_stem_graduates,PIPELINE_TRIGGER_ID,15,null,string,STRING
npc_nih_lakehouse_uat,gold,moehe_fact_qatari_stem_graduates,PIPELINE_TRIGGER_TIME,16,null,timestamp,TIMESTAMP
npc_nih_lakehouse_uat,gold,moehe_fact_qatari_stem_graduates,PIPELINE_TRIGGERED_BY_PIPELINE_RUN_ID,17,null,string,STRING
npc_nih_lakehouse_uat,gold,moehe_fact_qatari_stem_graduates,PIPELINE_NAME,18,null,string,STRING
npc_nih_lakehouse_uat,gold,moehe_fact_qatari_stem_graduates,ADF_PERIOD,19,null,string,STRING
npc_nih_lakehouse_uat,gold,moehe_fact_qatari_students_percentage_public,GLD_QATARI_STUDENTS_PERCENTAGE_PUBLIC_ID,0,null,bigint,LONG
npc_nih_lakehouse_uat,gold,moehe_fact_qatari_students_percentage_public,SLVR_QATARI_STUDENTS_PERCENTAGE_PUBLIC_ID,1,null,bigint,LONG
npc_nih_lakehouse_uat,gold,moehe_fact_qatari_students_percentage_public,BRNZ_QATARI_STUDENTS_PERCENTAGE_PUBLIC_ID,2,null,bigint,LONG
npc_nih_lakehouse_uat,gold,moehe_fact_qatari_students_percentage_public,INDICATOR_ID,3,null,bigint,LONG
npc_nih_lakehouse_uat,gold,moehe_fact_qatari_students_percentage_public,COUNTRY_ID,4,null,bigint,LONG
npc_nih_lakehouse_uat,gold,moehe_fact_qatari_students_percentage_public,DATE_ID,5,null,bigint,LONG
npc_nih_lakehouse_uat,gold,moehe_fact_qatari_students_percentage_public,GENDER_ID,6,null,bigint,LONG
npc_nih_lakehouse_uat,gold,moehe_fact_qatari_students_percentage_public,SECTOR_ID,7,null,bigint,LONG
npc_nih_lakehouse_uat,gold,moehe_fact_qatari_students_percentage_public,ACADEMIC_LEVEL_ID,8,null,bigint,LONG
npc_nih_lakehouse_uat,gold,moehe_fact_qatari_students_percentage_public,YEAR,9,null,bigint,LONG
npc_nih_lakehouse_uat,gold,moehe_fact_qatari_students_percentage_public,ACADEMIC_YEAR,10,null,string,STRING
npc_nih_lakehouse_uat,gold,moehe_fact_qatari_students_percentage_public,SECTOR_TYPE,11,null,string,STRING
npc_nih_lakehouse_uat,gold,moehe_fact_qatari_students_percentage_public,ACADEMIC_STAGE,12,null,string,STRING
npc_nih_lakehouse_uat,gold,moehe_fact_qatari_students_percentage_public,NATIONALITY,13,null,string,STRING
npc_nih_lakehouse_uat,gold,moehe_fact_qatari_students_percentage_public,GENDER,14,null,string,STRING
npc_nih_lakehouse_uat,gold,moehe_fact_qatari_students_percentage_public,NUMBER_OF_STUDENTS,15,null,bigint,LONG
npc_nih_lakehouse_uat,gold,moehe_fact_qatari_students_percentage_public,RATIO_YEAR,16,null,double,DOUBLE
npc_nih_lakehouse_uat,gold,moehe_fact_qatari_students_percentage_public,PIPELINE_RUN_ID,17,null,string,STRING
npc_nih_lakehouse_uat,gold,moehe_fact_qatari_students_percentage_public,PIPELINE_TRIGGER_ID,18,null,string,STRING
npc_nih_lakehouse_uat,gold,moehe_fact_qatari_students_percentage_public,PIPELINE_TRIGGER_TIME,19,null,timestamp,TIMESTAMP
npc_nih_lakehouse_uat,gold,moehe_fact_qatari_students_percentage_public,PIPELINE_TRIGGERED_BY_PIPELINE_RUN_ID,20,null,string,STRING
npc_nih_lakehouse_uat,gold,moehe_fact_qatari_students_percentage_public,PIPELINE_NAME,21,null,string,STRING
npc_nih_lakehouse_uat,gold,moehe_fact_qatari_students_percentage_public,ADF_PERIOD,22,null,string,STRING
npc_nih_lakehouse_uat,gold,moehe_fact_qataris_in_govt_schools_percentage,GLD_QATARIS_IN_GOVT_ID,0,null,bigint,LONG
npc_nih_lakehouse_uat,gold,moehe_fact_qataris_in_govt_schools_percentage,SLVR_QATARIS_IN_GOVT_ID,1,null,bigint,LONG
npc_nih_lakehouse_uat,gold,moehe_fact_qataris_in_govt_schools_percentage,BRNZ_QATARIS_IN_GOVT_ID,2,null,bigint,LONG
npc_nih_lakehouse_uat,gold,moehe_fact_qataris_in_govt_schools_percentage,INDICATOR_ID,3,null,double,DOUBLE
npc_nih_lakehouse_uat,gold,moehe_fact_qataris_in_govt_schools_percentage,COUNTRY_ID,4,null,bigint,LONG
npc_nih_lakehouse_uat,gold,moehe_fact_qataris_in_govt_schools_percentage,DATE_ID,5,null,bigint,LONG
npc_nih_lakehouse_uat,gold,moehe_fact_qataris_in_govt_schools_percentage,GENDER_ID,6,null,bigint,LONG
npc_nih_lakehouse_uat,gold,moehe_fact_qataris_in_govt_schools_percentage,SECTOR_ID,7,null,bigint,LONG
npc_nih_lakehouse_uat,gold,moehe_fact_qataris_in_govt_schools_percentage,ACADEMIC_LEVEL_ID,8,null,bigint,LONG
npc_nih_lakehouse_uat,gold,moehe_fact_qataris_in_govt_schools_percentage,YEAR,9,null,bigint,LONG
npc_nih_lakehouse_uat,gold,moehe_fact_qataris_in_govt_schools_percentage,ACADEMIC_YEAR,10,null,string,STRING
npc_nih_lakehouse_uat,gold,moehe_fact_qataris_in_govt_schools_percentage,SECTOR_TYPE,11,null,string,STRING
npc_nih_lakehouse_uat,gold,moehe_fact_qataris_in_govt_schools_percentage,ACADEMIC_STAGE,12,null,string,STRING
npc_nih_lakehouse_uat,gold,moehe_fact_qataris_in_govt_schools_percentage,NATIONALITY,13,null,string,STRING
npc_nih_lakehouse_uat,gold,moehe_fact_qataris_in_govt_schools_percentage,GENDER,14,null,string,STRING
npc_nih_lakehouse_uat,gold,moehe_fact_qataris_in_govt_schools_percentage,NUMBER_OF_STUDENTS,15,null,bigint,LONG
npc_nih_lakehouse_uat,gold,moehe_fact_qataris_in_govt_schools_percentage,RATIO_YEAR,16,null,double,DOUBLE
npc_nih_lakehouse_uat,gold,moehe_fact_qataris_in_govt_schools_percentage,PIPELINE_RUN_ID,17,null,string,STRING
npc_nih_lakehouse_uat,gold,moehe_fact_qataris_in_govt_schools_percentage,PIPELINE_TRIGGER_ID,18,null,string,STRING
npc_nih_lakehouse_uat,gold,moehe_fact_qataris_in_govt_schools_percentage,PIPELINE_TRIGGER_TIME,19,null,timestamp,TIMESTAMP
npc_nih_lakehouse_uat,gold,moehe_fact_qataris_in_govt_schools_percentage,PIPELINE_TRIGGERED_BY_PIPELINE_RUN_ID,20,null,string,STRING
npc_nih_lakehouse_uat,gold,moehe_fact_qataris_in_govt_schools_percentage,PIPELINE_NAME,21,null,string,STRING
npc_nih_lakehouse_uat,gold,moehe_fact_qataris_in_govt_schools_percentage,ADF_PERIOD,22,null,string,STRING
npc_nih_lakehouse_uat,gold,moehe_fact_share_of_qatari_teachers,GLD_SHARE_OF_QATARI_TEACHERS_ID,0,null,bigint,LONG
npc_nih_lakehouse_uat,gold,moehe_fact_share_of_qatari_teachers,SLVR_SHARE_OF_QATARI_TEACHERS_ID,1,null,bigint,LONG
npc_nih_lakehouse_uat,gold,moehe_fact_share_of_qatari_teachers,BRNZ_SHARE_OF_QATARI_TEACHERS_ID,2,null,bigint,LONG
npc_nih_lakehouse_uat,gold,moehe_fact_share_of_qatari_teachers,INDICATOR_ID,3,null,double,DOUBLE
npc_nih_lakehouse_uat,gold,moehe_fact_share_of_qatari_teachers,COUNTRY_ID,4,null,bigint,LONG
npc_nih_lakehouse_uat,gold,moehe_fact_share_of_qatari_teachers,DATE_ID,5,null,bigint,LONG
npc_nih_lakehouse_uat,gold,moehe_fact_share_of_qatari_teachers,GENDER_ID,6,null,bigint,LONG
npc_nih_lakehouse_uat,gold,moehe_fact_share_of_qatari_teachers,ACADEMIC_LEVEL_ID,7,null,bigint,LONG
npc_nih_lakehouse_uat,gold,moehe_fact_share_of_qatari_teachers,YEAR,8,null,bigint,LONG
npc_nih_lakehouse_uat,gold,moehe_fact_share_of_qatari_teachers,ACADEMIC_YEAR,9,null,string,STRING
npc_nih_lakehouse_uat,gold,moehe_fact_share_of_qatari_teachers,ACADEMIC_STAGE,10,null,string,STRING
npc_nih_lakehouse_uat,gold,moehe_fact_share_of_qatari_teachers,NATIONALITY,11,null,string,STRING
npc_nih_lakehouse_uat,gold,moehe_fact_share_of_qatari_teachers,GENDER,12,null,string,STRING
npc_nih_lakehouse_uat,gold,moehe_fact_share_of_qatari_teachers,NUMBER_OF_TEACHERS,13,null,bigint,LONG
npc_nih_lakehouse_uat,gold,moehe_fact_share_of_qatari_teachers,VALUE,14,null,double,DOUBLE
npc_nih_lakehouse_uat,gold,moehe_fact_share_of_qatari_teachers,PIPELINE_RUN_ID,15,null,string,STRING
npc_nih_lakehouse_uat,gold,moehe_fact_share_of_qatari_teachers,PIPELINE_TRIGGER_ID,16,null,string,STRING
npc_nih_lakehouse_uat,gold,moehe_fact_share_of_qatari_teachers,PIPELINE_TRIGGER_TIME,17,null,timestamp,TIMESTAMP
npc_nih_lakehouse_uat,gold,moehe_fact_share_of_qatari_teachers,PIPELINE_TRIGGERED_BY_PIPELINE_RUN_ID,18,null,string,STRING
npc_nih_lakehouse_uat,gold,moehe_fact_share_of_qatari_teachers,PIPELINE_NAME,19,null,string,STRING
npc_nih_lakehouse_uat,gold,moehe_fact_share_of_qatari_teachers,ADF_PERIOD,20,null,string,STRING
npc_nih_lakehouse_uat,gold,moehe_fact_teachers_admin_ratio_public,GLD_TEACHERS_ADMIN_ID,0,null,bigint,LONG
npc_nih_lakehouse_uat,gold,moehe_fact_teachers_admin_ratio_public,SLVR_TEACHERS_ADMIN_ID,1,null,bigint,LONG
npc_nih_lakehouse_uat,gold,moehe_fact_teachers_admin_ratio_public,BRNZ_TEACHERS_ADMIN_ID,2,null,bigint,LONG
npc_nih_lakehouse_uat,gold,moehe_fact_teachers_admin_ratio_public,INDICATOR_ID,3,null,bigint,LONG
npc_nih_lakehouse_uat,gold,moehe_fact_teachers_admin_ratio_public,DATE_ID,4,null,bigint,LONG
npc_nih_lakehouse_uat,gold,moehe_fact_teachers_admin_ratio_public,COUNTRY_ID,5,null,bigint,LONG
npc_nih_lakehouse_uat,gold,moehe_fact_teachers_admin_ratio_public,GENDER_ID,6,null,bigint,LONG
npc_nih_lakehouse_uat,gold,moehe_fact_teachers_admin_ratio_public,GENDER,7,null,string,STRING
npc_nih_lakehouse_uat,gold,moehe_fact_teachers_admin_ratio_public,NATIONALITY,8,null,string,STRING
npc_nih_lakehouse_uat,gold,moehe_fact_teachers_admin_ratio_public,ACADEMIC_YEAR,9,null,string,STRING
npc_nih_lakehouse_uat,gold,moehe_fact_teachers_admin_ratio_public,YEAR,10,null,bigint,LONG
npc_nih_lakehouse_uat,gold,moehe_fact_teachers_admin_ratio_public,NUMBER_OF_TEACHERS,11,null,bigint,LONG
npc_nih_lakehouse_uat,gold,moehe_fact_teachers_admin_ratio_public,NUMBER_OF_ADMINISTRATORS,12,null,bigint,LONG
npc_nih_lakehouse_uat,gold,moehe_fact_teachers_admin_ratio_public,RATIO_TEACHER_TO_ADMIN,13,null,double,DOUBLE
npc_nih_lakehouse_uat,gold,moehe_fact_teachers_admin_ratio_public,RATIO_YEAR,14,null,double,DOUBLE
npc_nih_lakehouse_uat,gold,moehe_fact_teachers_admin_ratio_public,PIPELINE_RUN_ID,15,null,string,STRING
npc_nih_lakehouse_uat,gold,moehe_fact_teachers_admin_ratio_public,PIPELINE_TRIGGER_ID,16,null,string,STRING
npc_nih_lakehouse_uat,gold,moehe_fact_teachers_admin_ratio_public,PIPELINE_TRIGGER_TIME,17,null,timestamp,TIMESTAMP
npc_nih_lakehouse_uat,gold,moehe_fact_teachers_admin_ratio_public,PIPELINE_TRIGGERED_BY_PIPELINE_RUN_ID,18,null,string,STRING
npc_nih_lakehouse_uat,gold,moehe_fact_teachers_admin_ratio_public,PIPELINE_NAME,19,null,string,STRING
npc_nih_lakehouse_uat,gold,moehe_fact_teachers_admin_ratio_public,ADF_PERIOD,20,null,string,STRING
npc_nih_lakehouse_uat,gold,moehe_fact_teachers_students_ratio_public,GLD_TEACHERS_STUDENT_ID,0,null,bigint,LONG
npc_nih_lakehouse_uat,gold,moehe_fact_teachers_students_ratio_public,SLVR_TEACHERS_STUDENT_ID,1,null,bigint,LONG
npc_nih_lakehouse_uat,gold,moehe_fact_teachers_students_ratio_public,BRNZ_TEACHERS_STUDENT_ID,2,null,bigint,LONG
npc_nih_lakehouse_uat,gold,moehe_fact_teachers_students_ratio_public,INDICATOR_ID,3,null,bigint,LONG
npc_nih_lakehouse_uat,gold,moehe_fact_teachers_students_ratio_public,COUNTRY_ID,4,null,bigint,LONG
npc_nih_lakehouse_uat,gold,moehe_fact_teachers_students_ratio_public,DATE_ID,5,null,bigint,LONG
npc_nih_lakehouse_uat,gold,moehe_fact_teachers_students_ratio_public,GENDER_ID,6,null,bigint,LONG
npc_nih_lakehouse_uat,gold,moehe_fact_teachers_students_ratio_public,ACADEMIC_LEVEL_ID,7,null,bigint,LONG
npc_nih_lakehouse_uat,gold,moehe_fact_teachers_students_ratio_public,YEAR,8,null,bigint,LONG
npc_nih_lakehouse_uat,gold,moehe_fact_teachers_students_ratio_public,ACADEMIC_YEAR,9,null,string,STRING
npc_nih_lakehouse_uat,gold,moehe_fact_teachers_students_ratio_public,ACADEMIC_STAGE,10,null,string,STRING
npc_nih_lakehouse_uat,gold,moehe_fact_teachers_students_ratio_public,NATIONALITY,11,null,string,STRING
npc_nih_lakehouse_uat,gold,moehe_fact_teachers_students_ratio_public,GENDER,12,null,string,STRING
npc_nih_lakehouse_uat,gold,moehe_fact_teachers_students_ratio_public,NUMBER_OF_STUDENTS,13,null,bigint,LONG
npc_nih_lakehouse_uat,gold,moehe_fact_teachers_students_ratio_public,NUMBER_OF_TEACHERS,14,null,bigint,LONG
npc_nih_lakehouse_uat,gold,moehe_fact_teachers_students_ratio_public,RATIO_TEACHER_TO_STUDENT,15,null,double,DOUBLE
npc_nih_lakehouse_uat,gold,moehe_fact_teachers_students_ratio_public,RATIO_YEAR,16,null,double,DOUBLE
npc_nih_lakehouse_uat,gold,moehe_fact_teachers_students_ratio_public,PIPELINE_RUN_ID,17,null,string,STRING
npc_nih_lakehouse_uat,gold,moehe_fact_teachers_students_ratio_public,PIPELINE_TRIGGER_ID,18,null,string,STRING
npc_nih_lakehouse_uat,gold,moehe_fact_teachers_students_ratio_public,PIPELINE_TRIGGER_TIME,19,null,timestamp,TIMESTAMP
npc_nih_lakehouse_uat,gold,moehe_fact_teachers_students_ratio_public,PIPELINE_TRIGGERED_BY_PIPELINE_RUN_ID,20,null,string,STRING
npc_nih_lakehouse_uat,gold,moehe_fact_teachers_students_ratio_public,PIPELINE_NAME,21,null,string,STRING
npc_nih_lakehouse_uat,gold,moehe_fact_teachers_students_ratio_public,ADF_PERIOD,22,null,string,STRING
npc_nih_lakehouse_uat,gold,moehe_fact_university_students_completion_percentage,GLD_UNI_COMPLETION_ID,0,null,bigint,LONG
npc_nih_lakehouse_uat,gold,moehe_fact_university_students_completion_percentage,SLVR_UNI_COMPLETION_ID,1,null,bigint,LONG
npc_nih_lakehouse_uat,gold,moehe_fact_university_students_completion_percentage,BRNZ_UNI_COMPLETION_ID,2,null,bigint,LONG
npc_nih_lakehouse_uat,gold,moehe_fact_university_students_completion_percentage,INDICATOR_ID,3,null,double,DOUBLE
npc_nih_lakehouse_uat,gold,moehe_fact_university_students_completion_percentage,COUNTRY_ID,4,null,bigint,LONG
npc_nih_lakehouse_uat,gold,moehe_fact_university_students_completion_percentage,DATE_ID,5,null,bigint,LONG
npc_nih_lakehouse_uat,gold,moehe_fact_university_students_completion_percentage,GENDER_ID,6,null,bigint,LONG
npc_nih_lakehouse_uat,gold,moehe_fact_university_students_completion_percentage,YEAR,7,null,bigint,LONG
npc_nih_lakehouse_uat,gold,moehe_fact_university_students_completion_percentage,GENDER,8,null,string,STRING
npc_nih_lakehouse_uat,gold,moehe_fact_university_students_completion_percentage,NATIONALITY,9,null,string,STRING
npc_nih_lakehouse_uat,gold,moehe_fact_university_students_completion_percentage,STUDENTS_WHO_COMPLETED_UNIVERSITY_EDUCATION,10,null,bigint,LONG
npc_nih_lakehouse_uat,gold,moehe_fact_university_students_completion_percentage,STUDENTS_WHO_COMPLETED_POST_SECONDARY_EDUCATION,11,null,bigint,LONG
npc_nih_lakehouse_uat,gold,moehe_fact_university_students_completion_percentage,RATIO,12,null,string,STRING
npc_nih_lakehouse_uat,gold,moehe_fact_university_students_completion_percentage,RATIO_YEAR,13,null,double,DOUBLE
npc_nih_lakehouse_uat,gold,moehe_fact_university_students_completion_percentage,PIPELINE_RUN_ID,14,null,string,STRING
npc_nih_lakehouse_uat,gold,moehe_fact_university_students_completion_percentage,PIPELINE_TRIGGER_ID,15,null,string,STRING
npc_nih_lakehouse_uat,gold,moehe_fact_university_students_completion_percentage,PIPELINE_TRIGGER_TIME,16,null,timestamp,TIMESTAMP
npc_nih_lakehouse_uat,gold,moehe_fact_university_students_completion_percentage,PIPELINE_TRIGGERED_BY_PIPELINE_RUN_ID,17,null,string,STRING
npc_nih_lakehouse_uat,gold,moehe_fact_university_students_completion_percentage,PIPELINE_NAME,18,null,string,STRING
npc_nih_lakehouse_uat,gold,moehe_fact_university_students_completion_percentage,ADF_PERIOD,19,null,string,STRING
npc_nih_lakehouse_uat,gold,mof_fact_government_revenues,GLD_GOVERNMENT_REVENUES_ID,0,null,bigint,LONG
npc_nih_lakehouse_uat,gold,mof_fact_government_revenues,SLVR_GOVERNMENT_REVENUES_ID,1,null,bigint,LONG
npc_nih_lakehouse_uat,gold,mof_fact_government_revenues,BRNZ_GOVERNMENT_REVENUES_ID,2,null,bigint,LONG
npc_nih_lakehouse_uat,gold,mof_fact_government_revenues,INDICATOR_ID,3,null,double,DOUBLE
npc_nih_lakehouse_uat,gold,mof_fact_government_revenues,DATE_ID,4,null,bigint,LONG
npc_nih_lakehouse_uat,gold,mof_fact_government_revenues,YEAR,5,null,int,INT
npc_nih_lakehouse_uat,gold,mof_fact_government_revenues,TOTAL_REVENUE,6,null,bigint,LONG
npc_nih_lakehouse_uat,gold,mof_fact_government_revenues,PIPELINE_RUN_ID,7,null,string,STRING
npc_nih_lakehouse_uat,gold,mof_fact_government_revenues,PIPELINE_TRIGGER_ID,8,null,string,STRING
npc_nih_lakehouse_uat,gold,mof_fact_government_revenues,PIPELINE_TRIGGER_TIME,9,null,timestamp,TIMESTAMP
npc_nih_lakehouse_uat,gold,mof_fact_government_revenues,PIPELINE_TRIGGERED_BY_PIPELINE_RUN_ID,10,null,string,STRING
npc_nih_lakehouse_uat,gold,mof_fact_government_revenues,PIPELINE_NAME,11,null,string,STRING
npc_nih_lakehouse_uat,gold,mof_fact_government_revenues,ADF_PERIOD,12,null,string,STRING
npc_nih_lakehouse_uat,gold,mof_fact_national_budget,GLD_NATIONAL_BUDGET_ID,0,null,bigint,LONG
npc_nih_lakehouse_uat,gold,mof_fact_national_budget,SLVR_NATIONAL_BUDGET_ID,1,null,bigint,LONG
npc_nih_lakehouse_uat,gold,mof_fact_national_budget,BRNZ_NATIONAL_BUDGET_ID,2,null,bigint,LONG
npc_nih_lakehouse_uat,gold,mof_fact_national_budget,INDICATOR_ID,3,null,double,DOUBLE
npc_nih_lakehouse_uat,gold,mof_fact_national_budget,DATE_ID,4,null,bigint,LONG
npc_nih_lakehouse_uat,gold,mof_fact_national_budget,YEAR,5,null,int,INT
npc_nih_lakehouse_uat,gold,mof_fact_national_budget,CATEGORY_EN,6,null,string,STRING
npc_nih_lakehouse_uat,gold,mof_fact_national_budget,CATEGORY_AR,7,null,string,STRING
npc_nih_lakehouse_uat,gold,mof_fact_national_budget,ITEM_EN,8,null,string,STRING
npc_nih_lakehouse_uat,gold,mof_fact_national_budget,ITEM_AR,9,null,string,STRING
npc_nih_lakehouse_uat,gold,mof_fact_national_budget,VALUE,10,null,bigint,LONG
npc_nih_lakehouse_uat,gold,mof_fact_national_budget,PIPELINE_RUN_ID,11,null,string,STRING
npc_nih_lakehouse_uat,gold,mof_fact_national_budget,PIPELINE_TRIGGER_ID,12,null,string,STRING
npc_nih_lakehouse_uat,gold,mof_fact_national_budget,PIPELINE_TRIGGER_TIME,13,null,timestamp,TIMESTAMP
npc_nih_lakehouse_uat,gold,mof_fact_national_budget,PIPELINE_TRIGGERED_BY_PIPELINE_RUN_ID,14,null,string,STRING
npc_nih_lakehouse_uat,gold,mof_fact_national_budget,PIPELINE_NAME,15,null,string,STRING
npc_nih_lakehouse_uat,gold,mof_fact_national_budget,ADF_PERIOD,16,null,string,STRING
npc_nih_lakehouse_uat,gold,mof_fact_non_hydrocarbon_government_revenue_as_percentage_of_non_hydrocarbon_gdp,GLD_NON_HC_GOV_REV_AS_PERCENTAGE_OF_NON_HC_GDP_ID,0,null,bigint,LONG
npc_nih_lakehouse_uat,gold,mof_fact_non_hydrocarbon_government_revenue_as_percentage_of_non_hydrocarbon_gdp,SLVR_NON_HC_GOV_REV_AS_PERCENTAGE_OF_NON_HC_GDP_ID,1,null,bigint,LONG
npc_nih_lakehouse_uat,gold,mof_fact_non_hydrocarbon_government_revenue_as_percentage_of_non_hydrocarbon_gdp,BRNZ_NON_HC_GOV_REV_AS_PERCENTAGE_OF_NON_HC_GDP_ID,2,null,bigint,LONG
npc_nih_lakehouse_uat,gold,mof_fact_non_hydrocarbon_government_revenue_as_percentage_of_non_hydrocarbon_gdp,INDICATOR_ID,3,null,double,DOUBLE
npc_nih_lakehouse_uat,gold,mof_fact_non_hydrocarbon_government_revenue_as_percentage_of_non_hydrocarbon_gdp,DATE_ID,4,null,bigint,LONG
npc_nih_lakehouse_uat,gold,mof_fact_non_hydrocarbon_government_revenue_as_percentage_of_non_hydrocarbon_gdp,YEAR,5,null,int,INT
npc_nih_lakehouse_uat,gold,mof_fact_non_hydrocarbon_government_revenue_as_percentage_of_non_hydrocarbon_gdp,NON_OIL_&_GAS_REVENUE,6,null,bigint,LONG
npc_nih_lakehouse_uat,gold,mof_fact_non_hydrocarbon_government_revenue_as_percentage_of_non_hydrocarbon_gdp,NON_OIL_&_GAS_NON_HYDROCARBON_GDP,7,null,double,DOUBLE
npc_nih_lakehouse_uat,gold,mof_fact_non_hydrocarbon_government_revenue_as_percentage_of_non_hydrocarbon_gdp,PIPELINE_RUN_ID,8,null,string,STRING
npc_nih_lakehouse_uat,gold,mof_fact_non_hydrocarbon_government_revenue_as_percentage_of_non_hydrocarbon_gdp,PIPELINE_TRIGGER_ID,9,null,string,STRING
npc_nih_lakehouse_uat,gold,mof_fact_non_hydrocarbon_government_revenue_as_percentage_of_non_hydrocarbon_gdp,PIPELINE_TRIGGER_TIME,10,null,timestamp,TIMESTAMP
npc_nih_lakehouse_uat,gold,mof_fact_non_hydrocarbon_government_revenue_as_percentage_of_non_hydrocarbon_gdp,PIPELINE_TRIGGERED_BY_PIPELINE_RUN_ID,11,null,string,STRING
npc_nih_lakehouse_uat,gold,mof_fact_non_hydrocarbon_government_revenue_as_percentage_of_non_hydrocarbon_gdp,PIPELINE_NAME,12,null,string,STRING
npc_nih_lakehouse_uat,gold,mof_fact_non_hydrocarbon_government_revenue_as_percentage_of_non_hydrocarbon_gdp,ADF_PERIOD,13,null,string,STRING
npc_nih_lakehouse_uat,gold,mof_fact_non_hydrocarbon_government_revenue_as_percentage_of_total_government_revenues,GLD_NON_HC_GOV_REVS_AS_PERCENTAGE_OF_TOTAL_GOV_REV_ID,0,null,bigint,LONG
npc_nih_lakehouse_uat,gold,mof_fact_non_hydrocarbon_government_revenue_as_percentage_of_total_government_revenues,SLVR_NON_HC_GOV_REV_AS_PERCENTAGE_OF_TOTAL_GOV_REV_ID,1,null,bigint,LONG
npc_nih_lakehouse_uat,gold,mof_fact_non_hydrocarbon_government_revenue_as_percentage_of_total_government_revenues,BRNZ_NON_HC_GOV_REV_AS_PERCENTAGE_OF_TOTAL_GOV_REV_ID,2,null,bigint,LONG
npc_nih_lakehouse_uat,gold,mof_fact_non_hydrocarbon_government_revenue_as_percentage_of_total_government_revenues,INDICATOR_ID,3,null,double,DOUBLE
npc_nih_lakehouse_uat,gold,mof_fact_non_hydrocarbon_government_revenue_as_percentage_of_total_government_revenues,DATE_ID,4,null,bigint,LONG
npc_nih_lakehouse_uat,gold,mof_fact_non_hydrocarbon_government_revenue_as_percentage_of_total_government_revenues,YEAR,5,null,int,INT
npc_nih_lakehouse_uat,gold,mof_fact_non_hydrocarbon_government_revenue_as_percentage_of_total_government_revenues,NON_OIL_&_GAS_REVENUE,6,null,bigint,LONG
npc_nih_lakehouse_uat,gold,mof_fact_non_hydrocarbon_government_revenue_as_percentage_of_total_government_revenues,NON_OIL_&_GAS/TOTAL_REV,7,null,double,DOUBLE
npc_nih_lakehouse_uat,gold,mof_fact_non_hydrocarbon_government_revenue_as_percentage_of_total_government_revenues,PIPELINE_RUN_ID,8,null,string,STRING
npc_nih_lakehouse_uat,gold,mof_fact_non_hydrocarbon_government_revenue_as_percentage_of_total_government_revenues,PIPELINE_TRIGGER_ID,9,null,string,STRING
npc_nih_lakehouse_uat,gold,mof_fact_non_hydrocarbon_government_revenue_as_percentage_of_total_government_revenues,PIPELINE_TRIGGER_TIME,10,null,timestamp,TIMESTAMP
npc_nih_lakehouse_uat,gold,mof_fact_non_hydrocarbon_government_revenue_as_percentage_of_total_government_revenues,PIPELINE_TRIGGERED_BY_PIPELINE_RUN_ID,11,null,string,STRING
npc_nih_lakehouse_uat,gold,mof_fact_non_hydrocarbon_government_revenue_as_percentage_of_total_government_revenues,PIPELINE_NAME,12,null,string,STRING
npc_nih_lakehouse_uat,gold,mof_fact_non_hydrocarbon_government_revenue_as_percentage_of_total_government_revenues,ADF_PERIOD,13,null,string,STRING
npc_nih_lakehouse_uat,gold,mof_fact_public_debt_as_percentage_of_gdp,GLD_PUBLIC_DEBT_AS_PERCENTAGE_OF_GDP_ID,0,null,bigint,LONG
npc_nih_lakehouse_uat,gold,mof_fact_public_debt_as_percentage_of_gdp,SLVR_PUBLIC_DEBT_AS_PERCENTAGE_OF_GDP_ID,1,null,bigint,LONG
npc_nih_lakehouse_uat,gold,mof_fact_public_debt_as_percentage_of_gdp,BRNZ_PUBLIC_DEBT_AS_PERCENTAGE_OF_GDP_ID,2,null,bigint,LONG
npc_nih_lakehouse_uat,gold,mof_fact_public_debt_as_percentage_of_gdp,INDICATOR_ID,3,null,double,DOUBLE
npc_nih_lakehouse_uat,gold,mof_fact_public_debt_as_percentage_of_gdp,DATE_ID,4,null,bigint,LONG
npc_nih_lakehouse_uat,gold,mof_fact_public_debt_as_percentage_of_gdp,YEAR,5,null,int,INT
npc_nih_lakehouse_uat,gold,mof_fact_public_debt_as_percentage_of_gdp,PUBLIC_DEBT,6,null,bigint,LONG
npc_nih_lakehouse_uat,gold,mof_fact_public_debt_as_percentage_of_gdp,Debt/GDP,7,null,double,DOUBLE
npc_nih_lakehouse_uat,gold,mof_fact_public_debt_as_percentage_of_gdp,PIPELINE_RUN_ID,8,null,string,STRING
npc_nih_lakehouse_uat,gold,mof_fact_public_debt_as_percentage_of_gdp,PIPELINE_TRIGGER_ID,9,null,string,STRING
npc_nih_lakehouse_uat,gold,mof_fact_public_debt_as_percentage_of_gdp,PIPELINE_TRIGGER_TIME,10,null,timestamp,TIMESTAMP
npc_nih_lakehouse_uat,gold,mof_fact_public_debt_as_percentage_of_gdp,PIPELINE_TRIGGERED_BY_PIPELINE_RUN_ID,11,null,string,STRING
npc_nih_lakehouse_uat,gold,mof_fact_public_debt_as_percentage_of_gdp,PIPELINE_NAME,12,null,string,STRING
npc_nih_lakehouse_uat,gold,mof_fact_public_debt_as_percentage_of_gdp,ADF_PERIOD,13,null,string,STRING
npc_nih_lakehouse_uat,gold,mof_fact_return_on_treasury,GLD_TREASURY_RETURNS_ID,0,null,bigint,LONG
npc_nih_lakehouse_uat,gold,mof_fact_return_on_treasury,SLVR_TREASURY_RETURNS_ID,1,null,bigint,LONG
npc_nih_lakehouse_uat,gold,mof_fact_return_on_treasury,BRNZ_TREASURY_RETURNS_ID,2,null,bigint,LONG
npc_nih_lakehouse_uat,gold,mof_fact_return_on_treasury,DATE_ID,3,null,bigint,LONG
npc_nih_lakehouse_uat,gold,mof_fact_return_on_treasury,YEAR,4,null,int,INT
npc_nih_lakehouse_uat,gold,mof_fact_return_on_treasury,QUARTER,5,null,int,INT
npc_nih_lakehouse_uat,gold,mof_fact_return_on_treasury,ITEM_EN,6,null,string,STRING
npc_nih_lakehouse_uat,gold,mof_fact_return_on_treasury,ITEM_AR,7,null,string,STRING
npc_nih_lakehouse_uat,gold,mof_fact_return_on_treasury,REVENUE_QAR,8,null,bigint,LONG
npc_nih_lakehouse_uat,gold,mof_fact_return_on_treasury,PIPELINE_RUN_ID,9,null,string,STRING
npc_nih_lakehouse_uat,gold,mof_fact_return_on_treasury,PIPELINE_TRIGGER_ID,10,null,string,STRING
npc_nih_lakehouse_uat,gold,mof_fact_return_on_treasury,PIPELINE_TRIGGER_TIME,11,null,timestamp,TIMESTAMP
npc_nih_lakehouse_uat,gold,mof_fact_return_on_treasury,PIPELINE_TRIGGERED_BY_PIPELINE_RUN_ID,12,null,string,STRING
npc_nih_lakehouse_uat,gold,mof_fact_return_on_treasury,PIPELINE_NAME,13,null,string,STRING
npc_nih_lakehouse_uat,gold,mof_fact_return_on_treasury,ADF_PERIOD,14,null,string,STRING
npc_nih_lakehouse_uat,gold,moj_dim_property_usage,PROPERTY_USAGE_ID,0,null,bigint,LONG
npc_nih_lakehouse_uat,gold,moj_dim_property_usage,PROPERTY_USAGE_EN,1,null,string,STRING
npc_nih_lakehouse_uat,gold,moj_dim_property_usage,PROPERTY_USAGE_AR,2,null,string,STRING
npc_nih_lakehouse_uat,gold,moj_fact_real_estate_transactions,BRNZ_ACCOMMODATION_ID,0,null,bigint,LONG
npc_nih_lakehouse_uat,gold,moj_fact_real_estate_transactions,SLVR_ACCOMMODATION_ID,1,null,bigint,LONG
npc_nih_lakehouse_uat,gold,moj_fact_real_estate_transactions,GOLD_ACCOMMODATION_ID,2,null,bigint,LONG
npc_nih_lakehouse_uat,gold,moj_fact_real_estate_transactions,TRANSACTION_NUMBER,3,null,int,INT
npc_nih_lakehouse_uat,gold,moj_fact_real_estate_transactions,PROPERTY_NUMBER,4,null,int,INT
npc_nih_lakehouse_uat,gold,moj_fact_real_estate_transactions,DATE_ID,5,null,int,INT
npc_nih_lakehouse_uat,gold,moj_fact_real_estate_transactions,MUNICIPALITY_ID,6,null,string,STRING
npc_nih_lakehouse_uat,gold,moj_fact_real_estate_transactions,AREA_NAME,7,null,string,STRING
npc_nih_lakehouse_uat,gold,moj_fact_real_estate_transactions,PROPERTY_TYPE,8,null,string,STRING
npc_nih_lakehouse_uat,gold,moj_fact_real_estate_transactions,PROPERTY_USAGE_ID,9,null,string,STRING
npc_nih_lakehouse_uat,gold,moj_fact_real_estate_transactions,AREA_IN_SQUARE_METERS,10,null,float,FLOAT
npc_nih_lakehouse_uat,gold,moj_fact_real_estate_transactions,AREA_IN_SQUARE_FEET,11,null,float,FLOAT
npc_nih_lakehouse_uat,gold,moj_fact_real_estate_transactions,PROPERTY_VALUE,12,null,bigint,LONG
npc_nih_lakehouse_uat,gold,moj_fact_real_estate_transactions,PRICE_PER_METER,13,null,int,INT
npc_nih_lakehouse_uat,gold,moj_fact_real_estate_transactions,PRICE_PER_FOOT,14,null,int,INT
npc_nih_lakehouse_uat,gold,moj_fact_real_estate_transactions,NUMBER_OF_SHARES,15,null,int,INT
npc_nih_lakehouse_uat,gold,moj_fact_real_estate_transactions,PIPELINE_RUN_ID,16,null,string,STRING
npc_nih_lakehouse_uat,gold,moj_fact_real_estate_transactions,PIPELINE_TRIGGER_ID,17,null,string,STRING
npc_nih_lakehouse_uat,gold,moj_fact_real_estate_transactions,PIPELINE_TRIGGER_TIME,18,null,timestamp,TIMESTAMP
npc_nih_lakehouse_uat,gold,moj_fact_real_estate_transactions,PIPELINE_TRIGGERED_BY_PIPELINE_RUN_ID,19,null,string,STRING
npc_nih_lakehouse_uat,gold,moj_fact_real_estate_transactions,PIPELINE_NAME,20,null,string,STRING
npc_nih_lakehouse_uat,gold,moj_fact_real_estate_transactions,ADF_PERIOD,21,null,string,STRING
npc_nih_lakehouse_uat,gold,mom_fact_commodities_self_sufficiency,GLD_COMMODITIES_SELF_SUFFICIENCY_ID,0,null,bigint,LONG
npc_nih_lakehouse_uat,gold,mom_fact_commodities_self_sufficiency,SLVR_COMMODITIES_SELF_SUFFICIENCY_ID,1,null,bigint,LONG
npc_nih_lakehouse_uat,gold,mom_fact_commodities_self_sufficiency,BRNZ_COMMODITIES_SELF_SUFFICIENCY_ID,2,null,bigint,LONG
npc_nih_lakehouse_uat,gold,mom_fact_commodities_self_sufficiency,DATE_ID,3,null,bigint,LONG